CustomerID,Recency,Frequency,Monetary,Target_Spend
15845,44,7,2465.86,1185.01
18272,24,5,2092.65,972.13
16812,271,1,479.35,0.0
16634,133,2,217.9,0.0
17556,116,1,157.9,0.0
17392,217,2,457.91,0.0
16700,32,14,4059.4,980.6
15938,22,5,404.58,0.0
17837,58,4,360.56,1199.97
12748,1,139,13640.97,15431.13
14778,37,2,730.86,0.0
15150,19,5,3569.62,1734.35
17708,98,2,267.08,0.0
16612,29,3,870.3000000000001,317.36
15093,27,8,3840.22,569.9200000000001
16933,145,3,208.03,322.05
16389,115,2,670.17,692.1
17736,23,1,307.49,30.0
14481,75,2,636.51,0.0
15386,96,1,394.14,0.0
13527,15,4,1366.42,897.34
15301,18,10,3740.47,1287.65
17629,30,6,768.38,1015.74
16483,102,1,139.35,0.0
17809,39,10,2138.42,2489.2
15800,17,2,699.08,0.0
16839,20,25,10800.04,4557.74
14670,190,2,411.53,0.0
17812,278,1,217.55,514.61
15745,146,1,302.85,768.39
16833,170,3,671.29,435.24
18212,236,1,248.42,0.0
12515,263,1,383.7,0.0
15704,50,4,2293.62,0.0
14442,108,4,1548.87,-4.25
17391,74,2,508.8,0.0
12851,7,1,135.18,0.0
12433,1,3,6395.23,6980.64
13601,121,1,373.2,320.12
16125,277,1,289.35,0.0
17644,27,12,1516.37,1252.61
14684,125,2,519.26,717.02
18145,115,2,1023.78,1837.77
15152,23,9,2321.76,2362.48
18225,11,11,2594.53,2766.49
18211,47,2,268.7,331.37
13623,120,5,532.02,140.42000000000002
14220,157,2,632.4,0.0
13570,153,1,239.49,0.0
16794,18,5,615.8,585.71
16961,26,1,234.17,0.0
12690,116,1,389.01,0.0
15047,180,1,343.62,0.0
13300,75,2,365.29,0.0
16055,131,1,134.8,0.0
17716,5,7,4136.66,1369.13
15381,124,2,596.85,0.0
12429,83,3,2844.88,905.52
12643,38,6,3344.64,0.0
15609,93,2,270.03000000000003,0.0
16319,128,1,404.4,0.0
15901,65,1,110.49,253.39
13113,24,34,9741.81,768.1899999999999
14111,6,3,295.5,393.1
16011,2,12,2195.41,1167.3
15098,92,5,649.5,0.0
13221,150,2,847.41,0.0
15372,47,1,2007.4,0.0
16928,4,17,2337.45,444.0499999999999
16998,60,6,287.02000000000004,0.0
14737,39,2,1081.75,82.8
16473,75,4,314.86,0.0
15572,20,4,1555.29,997.57
14503,89,1,597.07,2946.19
15263,17,1,156.51,0.0
12450,66,2,197.88,0.0
13579,279,1,164.70000000000002,302.34
17572,10,3,196.0,30.75
17735,4,16,11091.24,2018.78
17562,20,5,646.1,461.28
15829,9,2,636.14,0.0
13060,164,1,307.53,0.0
17416,11,7,5239.41,1598.93
16672,9,20,6870.49,1223.1
14889,246,1,135.9,0.0
12676,34,4,998.05,333.34000000000003
17790,30,12,1363.51,602.04
13268,80,9,2111.4,1056.24
12842,219,1,310.73,808.26
13330,3,3,1140.93,0.0
12710,7,4,1130.57,0.0
13760,166,1,135.09,151.70000000000002
17134,17,2,425.0,0.0
14738,40,6,753.09,536.85
12361,197,1,189.9,0.0
12518,20,1,324.83,1732.06
16667,194,1,203.35,366.78
16816,13,4,417.06,0.0
15909,84,1,191.94,0.0
13777,39,29,12157.99,13590.36
14795,76,1,131.45000000000002,0.0
14021,65,3,631.9,0.0
13118,118,4,786.2900000000001,338.71000000000004
16997,198,3,702.0,0.0
16455,5,6,1323.38,517.8
14238,236,1,146.85,0.0
17731,38,4,601.83,276.37
18037,64,6,70.02,0.0
13719,115,2,338.74,702.94
14606,4,98,9143.15,2570.7
17501,131,2,288.6,0.0
15433,124,2,533.3,-115.43
13452,169,2,590.0,0.0
17702,19,4,1250.62,469.1
12930,54,3,215.66,194.24
12562,37,3,1605.23,2176.51
15081,115,3,230.6,256.75
17118,228,1,157.02,0.0
14196,17,1,335.52,0.0
16792,192,2,110.38,0.0
12939,48,4,7990.08,3591.72
15983,271,3,1148.27,326.75
12388,58,4,1668.34,1112.3200000000002
17288,117,5,663.7,756.03
12378,40,1,4008.62,0.0
17954,33,14,1852.86,442.51
18160,110,1,318.55,319.51
14078,12,6,1049.37,0.0
15781,45,3,199.4,134.16
13510,5,3,891.41,893.75
14393,128,1,67.95,0.0
13517,17,4,1592.83,516.24
13034,279,1,165.86,476.91
13494,222,1,316.26000000000005,0.0
15411,34,2,382.21,964.17
13101,144,1,101.19,0.0
12412,48,2,890.74,336.14
12477,2,6,8731.3,4385.71
15555,14,12,2789.12,1969.08
14377,101,2,617.05,0.0
15180,277,1,87.5,0.0
13263,18,23,4870.68,2583.39
12792,167,1,400.54,0.0
15134,37,4,614.86,773.13
16161,47,17,2893.85,2459.12
17436,137,1,122.4,93.9
17975,25,12,3860.8,532.81
13849,81,1,593.5799999999999,944.37
13108,283,1,350.06,0.0
13846,152,3,646.48,201.13
16400,5,1,303.93,0.0
13218,37,1,62.63999999999999,0.0
14167,75,3,402.1,172.74
17175,47,4,1119.88,311.06
14340,129,1,134.7,0.0
16457,128,1,208.36,0.0
16985,68,8,3576.04,1885.58
17051,104,1,247.14,0.0
15570,52,10,2771.13,1338.84
17394,129,1,203.87,0.0
17001,2,8,2793.49,1196.08
18204,16,3,1352.92,626.38
17725,11,11,2439.17,931.96
15186,78,1,229.26,182.15
14407,17,9,2111.08,0.0
13410,97,4,539.1899999999999,449.72
15705,111,1,143.1,0.0
14041,176,1,141.41,0.0
15541,24,1,85.13000000000001,0.0
18087,8,4,3770.119999999999,0.0
16676,115,4,1065.1,493.62
18068,199,1,101.7,0.0
14600,216,1,393.33,0.0
15325,14,1,162.29,0.0
14440,227,2,1185.71,1171.97
12691,55,4,556.3,479.5
13232,8,5,1048.3,309.3
15041,80,1,180.35,0.0
17324,242,2,702.23,288.0
13497,193,3,321.05,0.0
13955,64,2,322.96,0.0
16469,156,2,276.88,373.55
15981,48,6,2458.2,950.28
14998,80,2,429.87,0.0
15922,282,2,363.6,0.0
13681,65,1,203.46,624.37
17602,31,3,895.8000000000001,4154.97
14141,15,1,285.16,593.87
17884,222,3,602.84,114.61
16230,100,2,542.03,0.0
14491,85,2,340.93,0.0
17966,61,4,594.43,504.0
17796,224,3,622.0,75.9
16076,3,6,1296.78,876.75
12770,121,1,1351.45,0.0
14572,20,8,2060.29,743.4
13198,31,6,2998.23,385.86
13199,2,23,4727.0,5076.96
15719,10,12,4067.02,976.94
15952,69,2,327.8,478.77
14403,40,5,1426.31,0.0
12910,44,4,1486.9,1588.14
14368,230,1,155.0,0.0
17827,152,4,1583.81,411.65
15881,222,8,438.24,0.0
16963,97,1,110.55,0.0
14273,46,3,450.05,109.92
16905,147,4,836.98,2248.5
14233,122,3,959.1,488.41
13441,2,1,296.64,0.0
17450,5,28,84391.06,103091.11
14156,3,47,95030.91,18353.23
14171,8,1,363.79,0.0
17486,171,1,396.87,0.0
17860,279,1,252.8,0.0
17329,225,1,243.36,279.75
14782,230,1,200.1,0.0
14473,192,1,85.0,149.34000000000003
16771,185,3,1655.95,590.86
12613,108,4,1462.52,1756.46
17298,11,2,498.42,0.0
15415,223,1,572.8100000000001,0.0
17864,186,1,208.41,389.09
14465,157,3,1058.62,0.0
13708,181,1,296.88,0.0
14257,33,4,2725.84,361.43
13104,43,3,376.44,722.04
15660,27,9,835.49,716.52
15777,151,5,1021.61,0.0
17990,147,3,630.84,0.0
16283,31,4,582.45,949.06
15100,240,6,635.1,0.0
16748,128,3,910.2,605.7
12689,38,1,511.03,736.5799999999999
12942,41,3,683.9,0.0
16660,121,2,384.36,426.09
13240,6,4,663.65,0.0
16824,74,1,222.9,237.74
16566,80,4,463.23,150.78
15237,113,2,1093.65,318.67
12913,193,3,866.39,1617.24
14511,2,2,329.89,937.52
13652,167,2,638.24,456.84
14868,30,4,1297.07,1642.57
16097,150,1,185.05,0.0
13144,243,1,110.95,0.0
17961,34,31,1179.62,116.82
17960,81,1,73.78,0.0
13157,51,4,853.55,868.02
15920,64,4,167.5,0.0
12679,116,3,869.13,189.54
14741,23,4,864.96,535.38
13439,165,1,283.71,0.0
12701,152,1,337.08,460.63
12937,107,2,428.23,1076.04
13918,163,1,198.2,1014.64
17597,124,1,2044.37,0.0
17932,84,2,934.51,397.06
12781,162,2,491.75,215.97
16250,171,2,389.44,0.0
13425,18,3,1624.21,0.0
18142,61,4,1014.9,0.0
15706,23,2,447.1,554.71
14132,24,5,1552.46,2027.67
13012,59,6,677.09,634.53
16859,16,5,473.14,0.0
14747,158,2,294.3,0.0
16942,46,8,1422.66,471.45
17410,6,2,419.55,795.17
16102,9,2,1392.84,449.3
17075,163,4,675.72,138.05
17604,127,2,309.36,0.0
13769,2,13,2153.67,618.2
12355,124,1,459.4,0.0
17974,130,1,172.77,568.02
15048,27,4,321.05,59.52
14270,242,1,492.65,0.0
15680,276,1,478.89,854.79
13026,3,3,604.2,331.95
14759,23,2,870.85,755.12
14176,207,5,574.0,0.0
15270,18,7,1769.0,529.2
18116,144,7,1254.47,163.56
17881,214,1,133.35000000000002,0.0
17291,218,1,550.8000000000001,0.0
13889,3,1,416.9,0.0
15353,165,2,777.02,0.0
13949,5,1,537.9,1889.42
12664,54,3,1957.48,2906.4
17166,107,2,110.74,78.75
16184,16,6,982.55,172.99
17187,137,1,203.95,0.0
13706,213,1,330.79,0.0
15861,45,3,1130.0,1870.36
16828,3,2,128.5,0.0
12793,245,2,545.48,0.0
16099,48,2,592.1,139.8
12708,9,12,1944.78,671.54
14495,31,1,40.599999999999994,83.2
17451,10,2,316.16,1332.79
14100,48,1,194.9,0.0
16116,116,2,592.88,0.0
12494,67,10,819.9100000000001,319.44
17787,63,4,1865.19,0.0
17430,275,1,112.6,153.16
17191,5,6,1562.96,532.17
14665,207,4,713.86,544.52
17939,70,1,99.14,0.0
14387,19,1,440.76,1329.8
18010,167,1,174.8,0.0
17464,68,1,289.96000000000004,0.0
15456,193,3,447.22,0.0
15400,2,6,666.7,0.0
12509,194,1,176.5,0.0
16743,23,7,1839.61,352.23
14646,3,46,177585.62,101903.4
17678,174,1,298.11,0.0
14553,129,2,312.32,546.95
14404,19,6,1307.92,126.79999999999998
16637,34,2,530.55,594.04
16992,9,4,959.9,641.96
13059,160,1,183.4,0.0
17268,18,4,763.64,0.0
13599,61,17,2233.87,2796.73
12700,66,3,2113.05,2754.94
16282,250,1,168.3,0.0
15895,60,1,179.17,0.0
15482,76,4,2103.5,4465.22
16869,76,2,387.68,417.94
17819,93,7,3424.6699999999996,236.4
16744,7,3,403.51,901.25
16083,11,2,1317.62,0.0
15306,3,2,657.07,517.28
15181,85,4,425.7999999999999,254.48
16838,107,3,582.9,0.0
15889,67,2,446.87,0.0
14133,40,5,590.3399999999999,0.0
15163,102,1,155.0,149.47
14206,149,2,308.26,0.0
18150,50,2,413.28,153.3
15197,163,3,353.85,302.59
18044,76,7,1105.53,980.12
17573,4,1,174.71,188.19
14035,17,3,837.26,590.76
13107,86,3,927.67,596.4
14223,2,4,975.23,0.0
14776,15,9,1849.74,345.84000000000003
17105,69,2,665.78,0.0
16996,18,8,1012.28,415.18
16539,130,3,1053.61,335.2
16006,121,1,101.4,0.0
12681,62,18,9824.08,3853.51
14104,65,2,216.21,0.0
18106,240,1,430.7,0.0
13870,12,6,2162.67,588.58
14819,102,1,84.72,187.35
14439,230,1,2661.24,0.0
13591,114,2,776.23,340.9
18220,130,2,297.78000000000003,0.0
16940,79,2,1868.36,1181.52
17976,282,1,353.19,0.0
13173,277,1,165.94,187.71
13324,113,8,3766.14,3306.66
14636,179,1,300.19,309.66
14012,188,1,328.8,0.0
16835,38,2,180.85,0.0
17596,46,4,1738.73,1089.2
13192,5,2,911.94,0.0
18055,38,8,3640.81,3111.33
13644,16,1,851.09,1746.43
15514,136,8,1385.67,1577.52
12540,2,12,9181.16,4127.88
14962,181,1,126.7,0.0
17146,16,3,749.78,0.0
13731,129,2,610.59,0.0
17589,61,3,1843.07,561.1
17848,38,8,821.5999999999999,79.6
16852,86,1,113.06,31.85
17555,245,1,195.45,287.81
16475,54,3,459.3,85.0
16718,279,1,623.75,0.0
17746,145,2,98.8,0.0
16923,9,21,4340.7300000000005,2326.1
14013,20,3,473.02,0.0
13094,40,14,1327.2600000000002,381.6
15676,124,2,877.4,2446.69
12968,22,1,135.95,0.0
17893,135,1,112.25,0.0
16592,47,12,2190.43,1882.85
15935,149,2,416.86,0.0
14056,17,22,5329.12,2795.28
15219,86,1,305.75,0.0
15438,41,1,156.57999999999998,0.0
13466,10,2,297.95,0.0
17730,16,9,3049.52,2239.31
14912,157,1,482.79,358.73
15494,31,1,1127.38,171.85
18041,14,17,3061.88,1099.26
17964,282,1,261.76,209.94
15290,14,14,3345.94,4457.83
13771,89,3,1462.1,1169.6
13230,48,13,2190.62,572.79
15139,150,2,178.96,0.0
16110,172,2,693.93,643.55
17042,31,4,922.82,121.56
16308,18,3,1600.0,960.0
16098,38,6,1712.49,293.14
15116,45,2,790.97,561.7800000000001
14626,33,3,1553.79,1203.28
16012,39,2,1132.12,283.17
14127,33,3,709.71,0.0
16554,114,5,221.01,420.54
14443,49,6,972.2,428.68
17869,17,5,428.18,0.0
14353,125,1,90.6,0.0
12716,43,1,677.9,375.59
15694,86,10,3249.98,3173.62
14548,61,2,652.8,0.0
16187,8,13,5365.1,1476.14
16384,174,1,409.1,175.4
12601,100,6,569.5600000000001,0.0
14639,30,6,1957.08,995.26
12735,225,2,779.5699999999999,0.0
16657,59,2,446.11,487.51
15827,24,19,1403.55,237.93
13928,17,2,225.45,239.12
14883,74,2,358.48,398.16
14462,31,12,1499.93,465.97
17817,187,2,269.7,117.98
17935,48,2,145.79,0.0
16275,107,1,559.87,0.0
15365,6,2,961.28,369.17
14198,55,3,347.05,316.45
17064,93,2,461.3,398.05
13316,42,3,3617.74,2197.75
13488,31,13,6538.68,2371.93
12409,27,2,6202.13,4854.8
17164,62,3,1270.42,1195.98
15101,247,2,94.78,215.25
15422,233,2,97.7,0.0
12725,281,1,427.8,0.0
14246,21,3,1474.06,0.0
15261,45,1,254.82,0.0
18099,37,1,168.31,0.0
12750,39,1,275.88,0.0
14335,6,1,359.25,109.01
13753,198,1,741.26,0.0
16907,58,4,711.88,269.77
14423,128,1,265.2,0.0
17059,20,4,2250.1,844.94
17456,275,1,249.86,0.0
12885,31,2,628.4,529.87
17879,84,1,178.51999999999998,0.0
13610,20,6,768.26,347.17
14699,124,1,109.13,0.0
13132,172,1,77.3,0.0
15945,275,1,181.0,0.0
15668,128,1,76.32000000000001,0.0
14865,282,1,37.2,15.0
13668,23,22,4864.97,1351.1
17446,87,2,120.9,0.0
16206,35,3,409.86,127.2
17092,36,2,633.07,1144.71
15052,229,1,215.78,0.0
18263,66,2,811.4,399.68
14496,222,2,538.8100000000001,0.0
16818,3,11,2496.87,821.1
17747,10,2,64.65,0.0
16531,37,4,684.53,560.06
15304,74,8,477.8,202.5
14852,6,5,2188.42,648.27
14256,164,3,935.06,0.0
13389,143,1,257.89,540.07
12904,82,1,244.69,264.89
16105,159,1,336.96,0.0
15062,128,3,814.04,173.82
14006,26,3,962.19,0.0
17469,19,4,1022.36,820.7
14766,78,6,1481.02,942.05
13888,30,2,605.63,0.0
16570,37,10,2026.12,1596.83
13398,102,1,457.34,0.0
14517,52,1,252.45,78.0
13077,200,3,577.44,151.83
13370,276,2,721.32,0.0
15071,4,2,982.07,0.0
14704,53,2,221.16,1325.75
15210,135,1,331.18,0.0
14855,29,2,645.65,0.0
17400,36,5,2129.96,0.0
14438,216,1,131.9,0.0
17830,172,2,287.65000000000003,111.05
12916,49,5,2982.35,0.0
13362,156,2,1581.53,1503.96
14415,8,13,3727.59,2083.97
17799,9,10,2501.9,524.18
15312,13,4,791.05,130.05
16078,194,1,79.2,0.0
12431,29,14,4803.51,1612.88
14890,164,1,125.65,0.0
15051,60,1,377.74,1013.87
17829,209,1,889.24,0.0
16849,97,1,124.57,0.0
16549,34,2,781.52,3373.12
15110,32,4,365.1,605.15
15769,12,20,41684.72,10139.0
17165,194,1,158.68,0.0
17218,124,5,948.58,1012.14
13262,173,1,200.29,0.0
13531,115,2,483.8,0.0
16706,8,2,411.55,119.8
13043,164,2,471.57,0.0
13434,7,1,72.84,461.4
12455,38,5,2176.36,290.5
15004,57,1,1246.32,0.0
14693,175,1,172.9,0.0
14497,211,2,457.47,0.0
14049,69,4,3273.37,2365.78
13379,47,1,136.29,436.27
17155,88,1,143.3,108.4
16145,1,15,2542.8,1199.18
13246,86,5,1860.99,61.11
17135,200,2,500.55,639.18
17642,30,2,712.29,0.0
15449,95,3,646.05,325.17
14040,4,13,2675.58,866.61
15074,15,1,748.87,0.0
14744,192,7,916.58,171.95
14934,193,1,828.84,1060.0
17777,10,1,194.7,471.16
15639,44,1,425.32,0.0
13068,230,1,165.0,179.0
13171,209,1,140.35,286.46
14214,66,5,895.01,105.22
13309,117,2,546.64,910.15
15342,26,2,391.76,0.0
13437,9,4,2173.6,1234.46
18112,76,1,196.64,156.05
15644,76,4,813.0,0.0
15679,64,2,260.26,521.02
16377,177,1,676.2,0.0
17341,67,3,781.36,0.0
13461,49,2,884.2,560.8
13396,223,2,370.92,954.37
17955,109,4,557.3,0.0
17928,156,1,78.25999999999999,134.28
13134,94,5,849.7900000000001,890.84
15292,111,1,180.94,0.0
17420,81,2,391.51,207.32
14760,204,2,53.8,0.0
16201,20,1,303.8,1517.72
15805,16,13,3521.55,1930.62
13792,197,1,74.60000000000001,120.95
14422,80,2,1032.15,3231.49
14364,19,8,3717.35,0.0
15813,118,2,1303.91,0.0
13213,38,5,961.73,556.7
16279,87,2,346.18,1150.5
12421,25,4,627.79,178.48
13799,27,2,688.86,0.0
14748,34,5,1014.81,296.98
14163,62,3,1659.39,786.52
13557,191,1,240.68,343.38
17516,29,4,608.85,159.23
18287,112,1,765.28,1072.0
16774,26,4,535.6,119.32
17738,53,4,1555.79,307.56
15618,2,3,419.041,327.99
16551,6,3,922.12,0.0
18259,276,1,376.30000000000007,1962.3
17643,283,1,101.55,0.0
15036,87,2,245.69,219.86
15279,265,2,277.40999999999997,0.0
16398,55,4,1631.15,0.0
15111,283,1,288.5,1278.98
17704,79,2,885.19,0.0
15044,46,17,5141.38,2488.0
16572,37,4,999.7,0.0
14375,95,1,257.68,0.0
14885,42,1,765.3199999999999,0.0
17569,242,1,344.14,0.0
15649,246,2,816.0,0.0
12821,124,1,92.72,0.0
15225,144,1,409.4,0.0
14482,9,2,465.9500000000001,1602.2
15023,26,9,5070.72,1692.44
13972,112,1,145.9,44.349999999999994
14995,190,1,119.31,113.92
15046,7,12,3834.77,1229.24
14745,23,6,1167.16,0.0
16174,36,3,1009.55,0.0
12909,101,5,1485.92,642.91
16611,96,2,120.99,0.0
13421,200,2,822.94,1026.04
14658,27,1,123.14,124.01
14903,32,9,2345.67,398.81
13477,48,6,886.5,555.03
17238,46,11,1959.92,1784.73
17978,275,1,300.91999999999996,0.0
14620,114,3,393.28,0.0
14341,40,7,1123.62,1042.76
16018,90,1,161.9,247.0
16897,209,3,213.03,0.0
17026,95,2,154.82999999999998,0.0
15442,159,1,594.0,0.0
15785,68,6,1654.05,649.6999999999999
13675,61,2,486.8200000000001,0.0
17691,268,2,290.40000000000003,0.0
12571,32,1,248.35,271.26
13680,247,3,871.48,1330.83
15806,68,2,521.88,262.7
16338,67,1,214.8,0.0
13548,6,2,682.41,0.0
15257,191,2,232.15,0.0
15793,179,1,306.64,642.32
15615,16,23,7328.15,3031.89
14960,81,1,88.3,132.97
15549,68,3,1594.18,61.58
14716,59,1,188.56,141.12
13373,69,2,2055.58,1256.67
13011,282,1,50.55,0.0
15916,102,6,830.23,661.01
14896,115,2,468.77,0.0
17041,19,3,735.09,330.68
17906,157,1,72.9,0.0
16225,60,4,953.64,142.68
13155,237,2,569.2,402.56
12888,124,4,313.77,0.0
16156,60,7,1386.87,1637.75
16810,102,2,275.64,0.0
13667,59,1,305.02,0.0
16503,17,5,1421.43,0.0
14796,5,24,6410.39,1429.12
12831,172,1,215.05,0.0
17180,151,5,549.21,231.17
15969,96,1,308.7,274.2
13470,9,2,165.0,0.0
14339,145,4,289.90999999999997,0.0
14452,4,1,127.37,137.07
18248,24,4,783.02,0.0
17272,106,3,1405.34,739.1899999999999
16616,67,1,210.1,290.32
17551,269,1,306.84,0.0
12473,25,4,1109.79,1738.4399999999998
17653,10,2,343.34,832.5400000000001
13941,53,5,2630.71,2281.7000000000003
13976,117,1,357.98,0.0
15308,181,2,302.27,0.0
17554,33,2,1249.89,702.5600000000001
18127,44,1,139.6,209.13
17491,4,7,2101.16,1440.76
15165,283,1,487.75,0.0
12811,171,3,514.85,0.0
16109,129,2,611.88,0.0
16589,17,2,214.68,244.56
13339,111,1,860.12,0.0
16350,244,2,360.7,739.77
13894,212,2,150.95,385.02
15291,5,17,3613.23,983.28
18074,284,1,489.6,0.0
14195,112,3,962.7,0.0
18221,26,4,698.56,334.75
15801,20,1,137.22,904.97
13736,170,2,349.63,374.37
17950,275,3,253.09,219.03
17213,51,9,1739.86,1001.22
14538,166,1,106.5,281.75
14044,13,3,542.11,110.71
17613,28,11,2966.51,1542.86
12372,123,2,914.92,383.12
13148,17,15,2431.23,917.25
14247,188,1,136.76999999999998,0.0
15405,99,1,349.1,0.0
15053,66,2,478.6,219.19
15940,221,2,31.799999999999997,0.0
17671,45,5,809.92,474.16
15974,5,7,2882.41,547.14
15795,60,1,610.01,0.0
16276,87,1,810.6000000000001,0.0
13500,33,1,326.4,810.37
15661,227,2,309.8,0.0
17334,211,3,306.6,0.0
17760,283,1,172.54,115.05
16019,46,7,2952.25,497.99
14055,16,1,725.6400000000001,0.0
17097,10,7,623.03,314.89
12929,32,2,105.1,0.0
17408,73,1,32.65,0.0
17763,173,1,15.0,0.0
17774,7,5,1215.46,0.0
14549,221,1,289.24,0.0
15039,2,43,18385.8,1400.64
14866,16,4,1163.9,13033.55
15129,17,10,2796.73,650.67
16571,67,3,858.83,426.39
12897,115,2,216.5,0.0
14022,135,1,440.0,0.0
15149,44,1,520.8000000000001,0.0
13593,18,6,1990.28,0.0
15747,30,2,549.47,424.57
17724,48,1,373.1,622.5500000000001
12521,53,1,599.68,0.0
14739,4,4,2247.58,1651.52
14449,157,2,401.3,505.8
14282,20,9,2495.44,1233.9
15865,124,1,313.93,581.2
14410,2,14,713.15,-136.85
14383,74,1,242.09,1005.6
12474,9,21,4213.44,2903.03
17524,271,1,145.0,0.0
15024,23,5,845.62,815.71
13476,89,4,1092.77,0.0
14062,2,10,8800.67,1664.18
12551,268,1,168.0,0.0
14649,122,2,584.22,833.0699999999999
17025,283,2,160.97,196.8
14901,12,6,815.8199999999999,599.17
13851,6,3,2651.46,0.0
14643,80,3,668.61,0.0
12836,47,3,2112.53,500.33
12971,2,67,7905.67,3024.59
12585,144,4,1982.81,0.0
14562,2,9,2061.03,2648.19
18032,244,1,73.5,0.0
16188,51,3,755.03,226.83
13045,9,1,305.28000000000003,0.0
13149,16,3,1132.62,543.4399999999999
14397,4,10,1036.12,1520.56
17122,29,1,138.32,0.0
15987,31,6,1206.42,244.86
14400,51,2,559.7,0.0
16850,244,1,332.41,0.0
17126,62,7,991.85,0.0
16686,8,8,2460.36,583.12
14808,54,10,1514.36,661.01
14447,106,2,601.03,562.2
17854,95,2,311.26,0.0
12779,100,10,2906.11,962.59
13141,124,5,1398.08,987.72
15234,187,1,197.0,0.0
14431,209,2,397.76,0.0
13505,39,6,2489.12,1793.76
15258,79,2,623.16,0.0
16271,36,4,887.08,536.21
14897,207,1,175.5,1190.88
15019,177,1,266.0,0.0
16701,40,15,3802.39,1347.88
16441,201,1,211.0,170.2
14145,43,4,2257.2,891.0
12528,23,6,1276.17,646.11
14079,35,1,375.1,0.0
18172,9,14,5571.68,1918.49
12791,284,1,192.6,0.0
16383,178,1,309.46,358.90000000000003
14561,72,2,566.99,513.77
16943,122,3,816.73,0.0
13990,123,1,311.3,0.0
14905,64,3,599.9,0.0
14988,122,1,334.54,0.0
15607,247,1,104.76,0.0
13376,9,3,1019.76,0.0
17212,163,1,226.85,0.0
12592,2,2,437.6,0.0
12832,8,1,267.8,115.23
16593,100,2,255.5,74.53
17601,149,1,116.01,0.0
15379,79,8,3631.89,0.0
15722,19,4,1383.45,797.7600000000001
16761,7,1,316.62,0.0
14544,272,1,1121.92,902.53
15393,191,1,124.1,107.76
13285,71,3,1970.1,739.02
16186,13,10,2681.53,1310.41
17670,138,1,205.7,0.0
17553,40,1,1487.6,0.0
14534,6,16,3028.19,1047.16
17138,186,1,380.5,0.0
15266,248,1,119.3,0.0
17339,4,2,243.36,0.0
14997,88,1,155.28,385.7
13767,19,40,9518.37,7427.34
15144,3,11,3510.44,3019.6
12764,227,1,1693.88,0.0
13395,95,1,307.72,0.0
14099,30,9,2298.72,794.25
15689,30,2,254.1,0.0
12798,81,1,1607.04,5370.0
14583,54,4,787.64,264.91
16713,26,15,3909.37,2930.86
12828,9,3,415.51,603.2
15687,95,7,1667.85,1313.65
14784,234,1,114.68,175.31
14840,178,1,62.85,0.0
17343,265,1,193.64,0.0
15984,11,7,1848.76,968.21
17969,76,2,228.2,0.0
12441,277,1,173.55,0.0
16725,212,8,775.07,0.0
13850,39,1,1595.48,-8.67
15673,67,3,2104.39,776.63
17519,44,6,1483.05,356.02
16945,9,13,3007.06,1338.44
15073,96,3,430.98,181.45
12707,202,1,603.42,0.0
13165,261,1,354.64,666.84
17883,156,1,119.35,552.42
15367,114,3,1406.28,461.41
15578,72,1,127.1,0.0
15095,14,5,1364.7,0.0
14048,187,2,375.13,0.0
13756,3,8,2972.3300000000004,2172.79
12951,73,7,729.78,312.29
15998,82,4,2106.26,977.91
16509,207,1,363.7,0.0
16721,172,1,292.47,0.0
13939,19,3,378.41,178.34
14570,191,2,218.06,0.0
18191,172,1,207.8,0.0
13615,223,2,399.99,0.0
12502,6,5,3723.87,0.0
16043,121,3,676.49,97.5
13809,215,1,155.05,0.0
13887,114,1,349.55,0.0
15289,45,3,693.3,241.8
13211,5,2,886.64,310.78
14476,167,1,215.7,0.0
16386,164,1,61.10000000000001,256.1
13408,8,55,17412.32,10075.09
14493,65,1,611.22,1751.62
12641,25,1,185.9,0.0
16045,30,4,1340.7,0.0
15347,276,1,201.6,0.0
16764,9,4,782.5500000000001,1975.7
13929,79,3,802.85,0.0
14775,48,2,701.46,310.44
15416,61,4,3134.38,839.99
17612,5,8,1646.66,346.09999999999997
15452,174,1,247.25,291.48
14498,26,4,1281.79,675.53
16418,3,2,368.36,306.90999999999997
13343,83,2,303.93,0.0
17648,72,4,1099.44,690.11
18065,94,9,1399.4,980.68
17994,32,6,629.6899999999999,0.0
15298,3,8,2368.2200000000003,1405.88
18185,159,1,304.25,0.0
13575,44,2,218.75,513.32
15333,118,1,1028.56,0.0
16094,123,3,215.7,826.13
17744,161,5,1257.64,1033.44
12379,66,2,457.89,392.4
17340,24,10,7295.88,4595.3
12596,152,1,269.95,348.32
13803,165,1,277.07,0.0
16414,190,1,50.8,75.45
13873,30,4,381.7,0.0
15544,30,8,2770.7200000000003,771.79
14436,9,1,89.06,0.0
16782,48,14,1610.6,631.65
13075,40,1,919.61,0.0
18170,22,2,655.51,324.8
13621,27,1,213.85,0.0
13908,37,4,1439.11,907.94
18230,4,7,2065.36,651.24
16494,207,1,826.53,0.0
12840,54,6,2714.27,0.0
14667,5,20,6061.02,3170.18
13239,172,1,329.56,0.0
16261,23,2,418.38,328.45
15602,40,11,328.71000000000004,754.92
12834,193,1,312.38,0.0
12802,94,2,412.58,0.0
13509,10,5,705.02,274.7
12837,83,1,134.1,0.0
16913,200,1,113.44,0.0
16091,65,2,315.06,0.0
13611,75,3,623.12,535.08
15550,16,3,433.28,142.35
16059,74,4,951.3,508.56
15729,108,2,62.0,0.0
15172,46,3,886.74,737.31
15625,10,8,1504.56,0.0
13884,187,4,189.95,591.35
15254,37,1,300.36,0.0
12476,38,12,3060.97,3485.61
17174,128,1,59.9,0.0
15205,25,2,471.89,176.94
17265,49,2,562.9,0.0
13993,11,7,2243.16,1166.5
12362,23,6,1724.55,3430.03
13819,212,3,1140.35,0.0
13716,179,1,138.28,0.0
17449,5,4,1497.55,1007.31
13185,178,1,71.4,0.0
17090,8,4,811.77,1230.0800000000002
13014,24,9,1962.23,1403.2
15389,82,1,500.0,0.0
14603,185,1,660.0,0.0
14729,284,1,313.49,0.0
16801,73,5,867.83,0.0
16735,4,6,1962.95,306.26
15087,192,1,306.94,0.0
15350,283,1,115.65,0.0
16402,175,2,299.6,0.0
12970,232,2,23.8,428.44
17115,89,4,582.22,224.68
16668,27,5,266.52,40.2
15089,4,3,2036.28,384.56
15307,6,1,205.3,0.0
15967,229,1,173.8,245.03
16175,4,4,1037.59,0.0
17360,94,1,330.95,254.84
14696,30,7,1450.56,620.41
13244,3,1,121.74,0.0
18262,50,1,149.48,0.0
12693,31,6,830.96,0.0
14209,31,6,1870.03,197.1
17505,72,2,1145.84,0.0
12356,156,2,2753.08,58.349999999999994
15646,68,4,425.14,0.0
12845,177,4,354.09,0.0
14586,137,3,134.16,0.0
13046,176,1,197.72,431.59
15319,194,1,204.5,0.0
12510,53,2,982.57,0.0
15424,164,2,383.34,0.0
12574,226,1,218.45,0.0
12535,2,2,716.35,0.0
17018,236,1,405.0,515.1
18013,65,2,187.29,0.0
14360,5,1,1134.69,993.54
16221,186,2,315.37,549.49
17508,191,1,387.31,0.0
15395,236,1,107.45,0.0
12524,72,6,3122.48,1363.24
16983,7,6,1179.25,740.9499999999999
15167,231,1,163.0,0.0
16582,23,1,313.62,0.0
17887,39,1,111.35,0.0
18189,173,2,627.2,457.14
16323,106,1,207.50000000000003,0.0
16698,137,2,1998.0,0.0
13482,142,1,184.64,0.0
15545,281,1,135.32999999999998,157.39
14227,95,11,2389.02,926.69
15732,122,2,294.12,0.0
13311,60,1,490.11,108.46
18196,5,2,689.13,0.0
15464,248,1,1048.85,0.0
13848,2,3,1255.0,0.0
16081,95,3,992.37,1814.53
17890,233,2,602.09,0.0
15038,98,4,517.45,148.14
16770,147,5,631.28,113.62
12682,11,20,8219.92,4068.3
13659,107,3,1550.85,0.0
17576,9,16,2238.8,1218.98
14790,30,2,364.04,381.02
17242,18,2,1135.04,0.0
13705,55,2,522.68,189.18
17368,3,7,1072.52,277.0
15581,31,14,3429.9700000000003,0.0
15754,157,1,91.8,363.87
15026,150,2,230.78,238.22
16836,27,1,91.32,160.55
17637,25,1,338.95,208.11
14918,26,2,1610.15,0.0
16655,41,3,1868.89,1925.63
17715,111,1,326.4,0.0
14618,248,2,196.95,341.64
12775,100,5,1129.88,221.36
12453,44,1,707.09,0.0
13561,126,1,141.86,0.0
14194,2,20,5560.33,5656.42
12991,22,1,303.56,200.2
13301,14,4,618.09,0.0
15755,18,3,1144.83,1174.05
16763,95,2,594.9,0.0
16317,30,3,1341.65,0.0
13159,15,3,793.49,586.26
16339,194,1,109.95,0.0
16728,77,3,550.0,504.67
18242,106,2,694.08,1538.41
17769,49,4,1828.73,2131.9
15630,110,2,390.91,789.49
14475,77,5,496.14,303.68
15898,131,5,998.79,385.89
16674,8,1,122.2,197.41
12672,240,1,225.9,0.0
13577,3,3,1193.8,464.5
15749,145,4,21535.9,0.0
13208,65,4,835.0699999999999,370.83
16990,129,1,179.0,0.0
15408,174,1,267.18,0.0
13867,128,1,138.85,876.44
12957,96,6,1699.44,2279.6
15012,284,1,191.06,231.98
16048,283,2,256.44,-12.75
17669,32,5,2433.22,973.5
16458,16,11,2151.5,1331.24
12977,66,1,39.239999999999995,0.0
12662,17,8,2620.96,1196.12
18161,50,3,771.26,841.53
14129,6,3,726.23,397.63
13310,110,4,785.85,297.78
13194,46,1,60.7,0.0
17358,213,2,365.85,0.0
15118,44,1,244.8,0.0
17133,100,3,2478.79,2413.4500000000003
16353,2,14,3467.81,3207.9
13048,23,4,1345.05,460.86
14188,10,6,1376.81,642.1
15738,7,16,3829.8,958.97
15303,200,1,574.02,0.0
12674,2,4,1372.0,547.3100000000001
13145,2,3,499.72,115.05
16619,164,2,204.41,0.0
15469,18,2,290.2,214.3
18120,124,1,111.15,0.0
13686,93,1,72.0,0.0
17263,118,1,63.440000000000005,0.0
14352,67,4,1078.96,0.0
14351,75,1,51.0,0.0
14987,276,1,163.2,163.2
16126,12,3,3706.7,2581.07
15349,68,2,473.81,0.0
16745,8,17,6349.1,821.6
14947,41,1,178.5,112.32
14722,57,1,187.92,0.0
14847,59,1,309.4,0.0
17047,115,2,749.4300000000001,351.47
12472,49,9,4628.63,1600.85
17015,95,1,524.5,1318.06
17593,2,5,3233.36,678.2
12375,8,1,230.3,225.12
18224,174,1,158.95000000000002,0.0
15117,31,2,675.73,874.4
17694,52,1,283.12,0.0
16062,44,3,778.14,375.48
14713,9,10,2027.51,636.75
16255,6,9,2172.18,437.12
15271,5,10,1596.62,889.2
15018,159,3,251.39,204.87
18265,68,1,488.55,312.96
18075,16,12,1884.72,654.0
16253,165,1,1700.4,1965.22
13999,4,11,2852.07,1013.19
15244,158,1,297.94,333.63
17874,95,7,658.26,0.0
13837,122,2,271.24,0.0
14211,7,9,1100.88,1107.42
12593,19,3,418.1,0.0
16825,96,1,318.7,456.48
13842,66,7,2165.27,1220.35
18282,32,2,98.76,77.84
15882,109,5,495.36,0.0
14907,9,6,2606.93,871.9200000000001
18017,79,2,344.0,179.0
15691,162,1,136.8,0.0
17364,47,7,2608.36,1847.37
17351,79,2,427.3,159.85
14800,20,12,3741.19,495.15
14895,1,16,7891.54,3128.72
15939,17,15,5847.5,254.76
17611,27,11,2706.4,1241.47
13098,4,27,14984.77,13674.11
16212,191,2,489.0,192.19
12463,85,5,974.39,329.24
18122,61,1,119.19,1707.02
16440,125,1,272.46,3368.21
14142,283,1,311.81,0.0
13881,6,12,9330.68,7658.84
15850,78,1,118.88,119.97
16717,6,6,1000.09,2278.27
17693,46,3,187.02,0.0
12967,212,3,1630.95,-436.2
13952,121,3,3246.091,0.0
16034,106,3,437.7,0.0
16287,80,1,142.5,0.0
17049,28,6,2598.75,2996.03
13549,52,6,759.97,156.15
16266,26,6,761.12,100.77
13499,127,3,454.59,692.37
17423,117,2,432.14,231.49
14525,10,10,2826.96,1394.41
12833,55,1,417.38,0.0
12678,11,10,8242.06,9346.2
16393,4,12,1724.66,1216.39
17980,76,3,811.45,0.0
18236,39,4,641.19,241.05
16829,67,1,197.22,0.0
13841,163,1,85.0,0.0
15923,283,1,127.08,0.0
13895,53,2,937.3,1650.82
16769,170,1,380.39,0.0
15973,146,3,99.77000000000002,0.0
12648,65,1,318.05,0.0
16216,177,1,914.93,0.0
16348,38,4,775.14,694.31
14483,60,2,129.2,0.0
13135,107,1,3096.0,0.0
13893,208,1,821.1,0.0
17507,172,2,605.58,0.0
12782,60,5,2021.07,252.25
14024,32,2,327.7,0.0
16392,180,1,221.19,0.0
14453,100,1,119.93,0.0
15919,279,1,270.72,369.17
13280,32,3,814.86,0.0
14765,22,2,95.5,158.61
14034,67,3,334.11,177.91
15467,55,2,402.56,109.32
15457,172,1,237.07,0.0
13304,261,1,300.42,0.0
18173,109,3,1728.84,378.0
13021,67,7,1120.49,1463.91
18270,151,2,67.75,171.20000000000002
14625,95,5,848.48,0.0
14051,2,19,9138.79,6338.55
13485,143,1,454.24,0.0
16014,62,2,529.9300000000001,123.2
13791,38,2,1516.0,-468.32
13079,1,2,59.5,160.60000000000002
16823,137,1,358.38,0.0
13808,4,2,723.1,1024.56
16623,156,1,129.45,0.0
16795,275,1,414.88,0.0
17656,16,3,927.65,747.04
16806,13,4,801.49,0.0
15517,143,1,267.03,0.0
17652,18,9,2694.33,2042.8
17252,27,2,353.86,0.0
14457,221,1,113.64,0.0
12817,191,1,166.04,0.0
14981,156,1,102.12,0.0
13308,100,2,797.0500000000001,570.5600000000001
15299,34,9,2315.09,1472.0
14506,72,3,831.66,1180.51
15521,5,10,1991.98,582.67
16143,18,6,1944.26,475.58
16898,87,3,255.12,189.34
15808,216,5,3724.77,0.0
16643,156,1,487.51,0.0
15530,60,3,1168.73,333.62
17375,100,4,372.5,0.0
14733,21,13,8922.28,529.26
13044,201,1,560.47,0.0
13220,96,3,726.49,92.8
14135,15,10,3190.32,1499.99
16807,53,3,1121.59,0.0
17293,29,5,867.03,1008.08
15529,53,8,2399.08,1568.7
15356,15,8,2279.64,486.86
12559,221,3,536.21,0.0
12354,142,1,1079.4,0.0
17634,2,7,2080.45,281.52
13035,171,1,333.0,553.63
15218,27,8,3865.35,1891.54
17630,80,2,503.6,0.0
16349,201,1,53.5,0.0
14371,205,1,100.5,0.0
15252,93,1,300.55,440.23
14656,79,2,291.05,0.0
13253,67,2,1030.4,0.0
16358,92,2,459.6,1565.35
15665,78,2,2242.01,0.0
17709,80,1,137.45,0.0
17663,65,5,1008.58,779.69
16882,149,2,215.7,489.42
13277,26,2,125.9,132.5
12915,59,2,363.65,0.0
12484,11,5,3626.65,868.62
16536,17,2,539.02,0.0
17361,96,2,263.92,224.28
14329,19,8,3443.78,1484.96
16980,165,2,1078.96,0.0
14513,11,4,438.49,0.0
16671,75,1,1382.88,309.39
15626,240,1,281.88,393.92
17419,54,9,2649.25,1551.72
15059,17,9,996.7,329.12
16488,25,3,347.97,144.23000000000002
13513,37,1,205.1,0.0
17299,10,2,268.19,400.92
12908,86,3,360.0,-114.0
15841,100,3,603.3,605.8000000000001
16960,163,1,201.53,305.52
17124,95,1,298.89,0.0
16626,23,8,2163.24,2216.41
14272,164,1,132.09,305.87
16113,93,1,161.38,0.0
17958,27,1,508.4599999999999,0.0
17930,72,2,694.14,1046.34
15245,44,3,2515.84,0.0
14607,171,1,495.0,10846.1
17255,209,1,112.46,185.95
13090,22,12,4704.84,3984.55
13890,17,3,496.01,1364.85
16306,124,9,602.27,0.0
14386,207,1,142.4,0.0
14499,44,2,370.96,444.36
16178,48,1,197.9,0.0
12405,59,1,1710.39,0.0
14000,116,2,633.71,0.0
17844,17,1,51.559999999999995,0.0
14016,64,5,4328.46,0.0
14460,20,4,383.34,0.0
16293,2,6,1454.3300000000002,782.4100000000001
14735,9,25,3337.71,2469.98
14512,98,2,275.28,0.0
15014,86,1,117.73,142.44
12407,44,4,1407.36,300.76
14862,59,1,304.09999999999997,537.1
12614,188,1,315.6,0.0
14633,176,1,344.90000000000003,0.0
13584,217,1,142.4,0.0
15825,82,1,532.94,0.0
17697,146,1,338.95,0.0
15189,1,45,12212.52,3589.62
15021,67,8,1099.78,772.5
16218,25,7,2605.67,449.2
13404,123,1,217.81,34.68
17609,212,3,529.39,574.53
16233,240,4,211.95,210.18
15133,38,3,982.42,0.0
14522,2,2,760.6999999999999,213.83999999999995
16947,146,1,406.48,0.0
14676,58,6,1685.92,857.32
15655,143,2,511.32,0.0
13295,270,2,197.95,0.0
12867,6,8,3004.19,982.03
15944,187,1,325.1,0.0
13854,2,24,6384.66,1640.36
14285,87,1,5.9,1904.11
13663,89,1,189.47,0.0
16016,106,5,809.07,674.24
12597,93,2,1428.81,2254.32
15812,17,5,1801.14,0.0
15965,277,1,156.19,689.45
16919,66,11,2596.45,0.0
12435,178,1,3978.99,3850.9
13780,81,1,116.28000000000002,243.73
16553,73,14,5664.57,0.0
18081,23,2,208.05,135.4
14911,2,138,72065.56,60507.06
17765,69,3,371.88,0.0
15067,193,1,848.05,896.71
15366,268,1,105.54,496.97
15623,51,1,301.03,0.0
17267,37,2,317.62,0.0
14973,17,3,1314.45,0.0
15910,9,5,663.36,568.82
14161,126,3,1110.52,0.0
12426,105,1,582.73,0.0
18078,127,2,336.13,0.0
17152,105,4,1503.5,0.0
15397,200,1,94.0,0.0
15620,114,4,854.06,670.34
12747,20,8,2769.4,1426.61
13167,41,2,417.55,373.78
13617,23,2,365.7,178.48000000000002
16316,39,10,2039.51,716.05
12686,282,1,89.14,0.0
13741,94,3,361.03,305.3
17676,17,5,726.4300000000001,656.84
18281,91,1,80.82,0.0
16820,6,1,497.61,0.0
14690,62,2,203.62,154.99
18011,283,1,102.79,0.0
14487,278,2,112.35,1071.23
17850,212,35,5288.63,0.0
18178,24,6,1573.41,0.0
15069,89,1,1109.53,0.0
17720,23,3,887.6,308.34
16370,27,3,953.11,367.45
15083,167,1,88.2,0.0
15063,123,1,370.7999999999999,0.0
13650,116,3,718.52,1090.82
17897,83,4,541.1,0.0
17811,2,31,4831.49,2846.22
14338,68,4,554.22,0.0
17673,72,4,1209.77,412.45
15532,41,5,1161.94,355.14
14191,18,8,2233.51,2426.5
16369,107,1,354.45,1199.21
16182,40,3,4844.0,1773.65
14577,74,3,646.64,213.07
16529,100,1,455.25,0.0
15834,76,5,1642.97,441.93
13712,157,1,228.84,0.0
15950,16,2,1091.38,613.88
14711,1,10,2334.82,503.38
16003,45,3,1793.9,941.47
16009,70,1,462.19,530.52
16560,268,1,332.18,484.33
17405,60,1,393.31,573.9100000000001
14314,17,1,120.0,0.0
13983,97,8,1681.06,909.4
18101,53,1,110.23,113.42
15622,101,10,2501.0,723.53
13726,11,1,292.68,786.98
12999,106,3,455.88,0.0
13302,65,1,63.75,0.0
17912,220,6,295.61,0.0
13953,26,5,2604.36,911.32
13525,158,1,282.88,345.9
13050,10,22,4378.59,1306.02
15214,94,2,651.63,1009.81
12815,58,2,1063.46,0.0
17951,264,3,391.8,599.0400000000001
12578,227,3,1567.51,1185.85
12857,121,2,1106.4,0.0
18180,47,2,601.85,1241.9
16500,241,1,165.0,235.86
14320,117,3,343.11,0.0
14798,54,2,97.4,76.34
12348,159,3,1487.24,310.0
15246,148,2,514.15,0.0
15799,95,2,481.24,402.9
13291,66,1,361.11,0.0
16875,51,7,1078.95,944.52
12881,186,1,298.0,0.0
14680,5,19,25222.86,1709.48
16464,52,1,385.0,929.68
13917,102,1,65.38,206.66
12757,39,13,1651.68,2576.02
12956,216,1,108.07,0.0
16957,149,2,416.64,0.0
15358,31,20,5538.21,2696.59
14820,83,1,139.77,367.52
12769,149,1,1143.6,0.0
13512,171,1,251.21,0.0
18233,236,1,440.0,0.0
12726,95,5,1467.32,1141.78
17921,58,3,601.76,224.76
13124,162,2,2574.12,1292.21
15826,121,1,720.0,929.36
17402,12,8,1732.45,901.4
17649,45,2,861.74,0.0
16425,212,1,302.7,0.0
13722,30,4,2369.16,0.0
15624,27,4,588.13,0.0
17370,2,2,228.06,218.12
18198,11,17,4322.490000000001,760.57
15410,9,7,3089.4100000000003,361.43
16629,6,1,236.78,180.95
12733,144,1,383.95,0.0
13235,122,2,101.17000000000009,0.0
13588,10,6,1398.61,1046.51
12839,2,10,3094.09,2489.53
14262,17,3,855.0,1763.23
14794,114,5,645.64,626.47
18113,279,1,76.32000000000001,0.0
12364,22,1,623.92,689.18
17578,101,2,124.74,0.0
16495,186,2,246.51,437.9
17107,65,3,6334.06,4046.37
12933,81,3,356.24,250.04
12635,65,1,683.64,1005.54
14373,268,1,76.55,0.0
15985,33,3,1037.42,0.0
14242,145,2,280.55,0.0
14346,31,2,1021.58,0.0
16693,182,1,157.56,324.45
13365,128,1,700.6,1490.62
14824,1,1,441.91,685.8000000000001
13002,228,1,120.95,0.0
13932,205,1,307.4,0.0
16757,229,1,106.83,0.0
16227,129,2,308.32000000000005,0.0
13569,278,1,118.32,255.43
13743,18,6,910.67,429.48
14924,156,1,310.05,0.0
12564,171,1,456.9,0.0
13394,26,5,1543.45,769.35
12875,53,2,343.2300000000001,0.0
12987,101,2,290.6,254.4
16893,277,1,145.93,0.0
15437,172,1,200.16,0.0
17696,2,12,1837.88,363.17
13538,4,6,990.75,290.1
14108,2,2,287.58,306.58
16205,90,1,112.35,649.03
17496,269,1,271.05,0.0
15016,83,1,170.04,0.0
17802,90,3,599.22,652.62
17758,62,4,1436.2,2020.5
14232,25,6,1570.84,473.09
14420,9,1,387.52,-1.65
16274,283,1,357.95,0.0
14898,44,7,936.1,292.22
15313,20,1,52.0,0.0
17675,10,31,13897.99,6200.11
12879,2,1,140.5,412.06999999999994
12684,81,4,1379.48,904.15
14609,53,3,486.36,115.2
17323,35,5,532.2,376.79
17899,69,1,155.8,0.0
16150,27,6,1300.3,605.77
16008,115,1,139.15,339.63
16330,21,3,39.26,202.95
18056,198,1,363.65,0.0
12616,5,4,687.1,-29.85
12514,177,1,1017.68,0.0
16493,17,4,765.13,564.53
18260,83,8,2595.0,0.0
16697,151,1,112.75,0.0
16756,125,1,239.4,0.0
16092,9,5,779.36,0.0
16842,11,3,1264.19,-3.75
16297,123,4,275.4,0.0
16779,17,20,6297.06,4156.99
17515,116,3,571.37,67.65
17444,58,3,2940.04,0.0
14110,29,6,3246.12,2423.5299999999997
16005,93,2,298.08,317.31
14932,276,1,363.53,0.0
17414,95,1,598.0,180.0
13133,184,2,109.8,0.0
18246,143,1,232.9,363.2
16722,10,13,3636.98,1074.23
15339,228,1,257.9,299.67
17173,12,3,950.31,2805.34
17376,221,1,105.85,97.35
16515,2,4,1250.35,376.78
16407,20,8,1529.62,597.31
13008,233,2,178.46999999999997,0.0
13627,62,4,1014.25,609.77
16193,147,1,314.45,0.0
12500,17,6,1773.84,2432.43
14594,283,1,255.0,124.83
17048,25,6,864.32,0.0
17843,213,1,205.48,0.0
16217,145,4,259.39000000000004,0.0
15866,11,1,230.53,0.0
16497,113,5,1550.7,1414.99
12583,17,10,4214.21,2973.13
12386,248,2,401.9,0.0
16378,157,3,362.95,0.0
16222,228,1,846.72,0.0
13507,8,3,2022.79,456.37
14687,17,1,628.38,0.0
15491,5,7,3090.85,0.0
16385,68,2,274.85,281.04
15070,283,1,106.2,0.0
13520,39,7,2811.38,676.37
15240,102,5,1024.38,661.1899999999999
13092,122,5,421.75,38.08
15839,58,1,299.18,721.56
16470,26,4,534.1800000000001,223.26
13345,187,2,377.6,0.0
12610,16,3,1244.7,813.29
13573,163,1,31.770000000000003,262.63
16614,93,1,506.19,0.0
17674,279,1,300.66,250.38
16249,23,4,1440.77,359.3
15109,151,2,463.75,0.0
13307,30,1,15.0,0.0
14708,64,3,671.48,425.19
15228,34,4,2214.28,1162.68
16665,272,1,135.39999999999998,0.0
17007,65,6,562.94,314.49
14673,278,1,373.49,1362.91
15932,18,9,1851.93,609.92
16618,114,5,1424.34,1206.3
16128,54,2,694.7,1185.52
17147,117,4,938.16,741.48
13069,10,22,3460.36,257.46
15858,199,2,816.22,622.63
14536,170,1,171.8,0.0
18202,110,3,1396.99,0.0
14541,79,7,1315.65,146.0
12715,16,1,353.86,0.0
13196,172,1,512.13,1285.65
13581,219,1,118.0,0.0
17618,158,2,666.78,304.8
15971,19,7,2109.45,2090.4
13313,51,3,918.34,636.98
14540,219,1,195.9,800.36
14688,3,19,4180.28,927.1
16168,5,18,2632.12,1138.48
16739,82,2,312.55,0.0
17873,94,5,1492.3200000000002,272.04
13875,44,4,1424.8,361.99
17384,129,1,227.65,108.75
14504,153,3,542.71,130.55
17068,5,17,3518.49,1012.85
18050,269,1,74.4,0.0
17046,67,1,642.02,0.0
17198,275,2,521.66,170.56
17035,156,3,388.33,0.0
13529,115,1,181.1,126.66
17591,32,7,1852.22,362.8
13600,222,1,219.52,0.0
16209,29,4,2116.9,145.72
13184,41,11,1451.94,196.85
12468,53,3,724.0400000000001,0.0
14546,112,3,857.51,1629.51
17266,58,1,113.06,197.58
13892,157,1,54.52,578.4499999999999
17816,179,2,21.31,15.25
17783,158,1,112.41,171.06
13655,24,2,932.97,0.0
12868,96,6,1607.0600000000002,0.0
15862,22,3,659.73,173.15
15776,43,1,241.62,0.0
13948,271,1,102.0,0.0
13737,110,1,339.59999999999997,0.0
13885,99,2,506.8,0.0
12633,40,4,1925.4,215.23
12604,172,1,178.5,75.68
14931,116,3,293.0,671.6800000000001
13085,68,3,272.38,0.0
14551,114,1,125.43,60.8
14231,89,5,822.0600000000001,0.0
17262,137,4,955.36,298.0
14515,101,2,765.65,1336.44
12866,193,1,559.12,0.0
15388,180,1,140.54,0.0
17621,101,3,857.98,478.12
15789,268,1,351.3,0.0
15513,5,18,11199.5,3320.58
12841,17,17,2851.44,1024.96
13751,198,1,296.25,0.0
14388,1,7,2264.32,907.72
16904,5,14,3049.07,705.2
16403,212,2,161.04999999999998,0.0
16023,102,2,500.69,219.12
16146,67,3,734.13,0.0
16917,187,1,391.52,0.0
14853,121,1,214.5,248.55
13658,89,3,715.6,1705.87
13703,228,1,99.5,0.0
12427,262,2,246.55,461.82
15636,192,1,306.7,418.06
17463,82,4,1230.59,650.77
16609,32,6,2706.74,2744.2200000000003
15230,149,2,429.6,0.0
16072,198,1,584.3199999999999,0.0
17905,67,3,618.99,181.25
14023,160,1,273.14,310.93
16603,1,1,296.62,185.85
14697,128,2,188.61,0.0
13645,30,1,252.1,0.0
17616,84,3,571.1999999999999,0.0
12797,270,3,194.18,0.0
17585,19,4,1133.07,0.0
13047,24,14,2559.42,519.68
15912,88,2,264.62,0.0
13563,50,1,310.88,466.65
14029,54,1,165.20000000000002,302.46
17880,275,1,458.92,0.0
16332,40,3,659.27,923.93
12865,34,2,961.22,586.85
14681,122,1,393.95,105.0
15262,234,1,178.95000000000002,0.0
14193,180,1,422.54,430.85
12886,123,2,747.69,603.4
12582,149,2,511.36,0.0
16949,89,5,768.75,392.52
14224,20,4,1050.12,0.0
13778,13,1,178.7,0.0
13988,73,4,1916.85,2181.95
17686,31,5,4589.35,1150.11
16139,22,2,306.37,329.04
13462,93,2,143.25,0.0
14046,194,1,154.99,0.0
16951,33,4,1262.75,0.0
17325,190,1,96.8,0.0
16955,95,5,493.67,0.0
17619,222,1,218.52,0.0
15554,188,1,217.2,0.0
17926,43,2,397.29,0.0
14390,54,6,1570.51,3021.96
15752,3,7,2095.7,533.23
12380,96,1,607.5500000000001,2113.01
17913,266,1,218.05,193.55
16326,7,8,1537.97,1547.99
16434,6,4,906.34,615.91
16873,37,7,3825.67,3240.64
13823,2,1,650.42,307.24
17692,37,5,733.4399999999999,0.0
13937,79,1,158.85,0.0
17302,24,4,645.91,474.02
18231,102,6,2066.17,0.0
12976,122,1,738.6,0.0
18183,128,6,600.52,0.0
17706,10,16,7671.18,2426.19
16684,43,21,33122.02,32770.06
16292,27,2,280.9,0.0
16456,9,5,2158.37,0.0
13934,174,1,922.1,0.0
17454,102,4,517.53,0.0
18144,20,9,2165.55,723.2
14593,109,2,339.59,278.4
15656,88,3,563.63,184.87
13933,19,2,608.7900000000001,0.0
13269,20,9,2952.8,2363.12
15507,82,1,492.36,0.0
17117,198,1,116.2,0.0
15140,26,6,1723.86,626.14
16526,82,1,290.36,0.0
15392,268,2,319.18,1196.55
14758,55,4,1484.06,0.0
18086,184,1,101.34,0.0
14060,18,14,4102.78,2032.6
15648,114,4,599.9,0.0
16775,32,8,1174.55,521.11
12547,108,2,207.8,0.0
17142,149,1,579.0,0.0
14622,95,1,320.58000000000004,0.0
12919,27,4,425.75,875.69
13744,5,2,1156.36,0.0
15132,16,3,842.23,135.70000000000002
14019,8,2,800.53,598.43
16115,27,5,931.68,736.29
17396,59,6,4801.8,2529.0
12931,10,14,24987.75,8475.06
12901,10,26,10584.03,5709.07
16394,81,4,921.28,490.78
17377,36,10,1870.38,2055.54
13539,150,3,290.15,315.69
16399,145,1,178.41,230.16
12359,100,4,3459.93,2785.6
17095,209,4,325.85,762.35
15990,197,1,401.37,390.74
15465,49,20,5670.98,1274.04
13692,114,4,850.13,616.74
17828,12,5,1048.16,551.81
12492,15,1,126.39,136.82
12553,20,10,2383.29,1268.96
16762,54,1,314.15000000000003,1187.23
18108,159,2,264.65,0.0
16241,6,10,1786.14,821.73
15599,114,1,448.83,312.90999999999997
17931,44,2,408.36,0.0
17061,21,11,4542.7300000000005,573.4
15653,3,2,877.4399999999999,0.0
18149,126,2,549.68,62.400000000000006
15528,164,1,229.33,0.0
15164,118,2,368.18,474.87
13187,247,1,236.02,0.0
15512,66,2,121.0,0.0
16208,199,1,497.59,166.67
14502,59,9,1077.76,1273.26
18080,153,1,841.4999999999999,390.0
13956,48,3,680.27,346.15
14241,94,1,213.7,0.0
16140,281,1,124.14,579.63
13033,267,1,190.55,0.0
13904,205,1,201.12,131.52
16692,166,2,1276.0,0.0
13126,163,6,1054.02,1002.27
15831,34,3,397.11,350.65
16644,88,2,833.78,0.0
15220,25,6,1264.01,494.91
17094,228,2,270.20000000000005,0.0
14837,1,4,1337.26,303.94
14389,61,3,292.8,706.9200000000001
15184,101,1,235.23,171.53
17856,143,5,1118.39,275.4
15716,56,4,1118.81,0.0
16053,32,1,1124.19,387.76
13735,86,4,1335.55,1430.63
15764,10,7,3249.72,-4.25
18018,18,2,122.14,0.0
14459,65,1,1837.92,0.0
16682,2,3,810.22,217.78
17633,13,3,581.11,661.23
16117,100,1,232.21,0.0
17531,31,2,293.45,0.0
14117,54,1,90.0,0.0
15577,61,3,258.88,0.0
13368,167,2,623.4,0.0
14565,6,6,3073.77,0.0
18069,90,4,988.92,1032.9
18129,153,1,112.55,0.0
16029,4,60,38360.99,12631.62
17188,74,7,1616.44,659.14
15361,272,1,418.92,0.0
18193,61,3,212.96,0.0
12557,68,4,9000.960000000001,2990.0
12462,205,2,741.3100000000001,382.7
15860,9,6,767.14,210.07
13565,244,1,110.18,130.04
14555,212,1,197.94,126.2
15503,273,1,147.09,0.0
16866,51,3,207.74,0.0
17248,30,1,318.65,0.0
14660,11,1,128.95,156.79
15508,99,6,1000.27,0.0
14566,21,1,1432.0,0.0
18040,156,1,239.0,118.2
16633,24,3,1168.26,1709.89
12955,3,9,1820.46,2913.8
15611,14,9,931.24,637.15
12873,192,1,374.0,0.0
18102,9,29,132231.94,124206.55
16877,62,2,188.98,664.74
16426,3,4,689.83,1218.42
15078,16,28,6582.83,3040.52
14239,5,11,1823.54,499.96
17946,143,2,149.57999999999998,0.0
15670,207,1,173.05,0.0
16805,84,2,460.59,0.0
16448,108,1,188.89,0.0
17338,24,8,5186.22,1425.96
14616,153,3,406.08,0.0
12853,18,9,1881.7,0.0
15106,47,4,1025.99,381.74
17160,19,5,3001.18,516.85
15869,187,2,149.64,0.0
16162,162,1,37.4,0.0
15192,30,3,1044.32,0.0
15669,14,4,558.89,118.8
12749,24,6,2532.55,1335.65
16976,177,1,251.52,0.0
15838,16,14,13861.18,19489.58
13502,185,2,189.16,102.84
13871,2,9,4612.64,1777.16
16321,215,4,155.70000000000002,75.0
15815,51,4,1874.7,225.9
12567,6,10,7563.64,1551.3
15628,8,6,1620.8,1244.84
15454,272,1,179.1,0.0
15033,19,7,1613.45,957.57
12852,200,2,299.75,0.0
13450,35,4,1421.46,622.26
16030,220,1,331.24,0.0
16916,282,1,198.08,378.18
13258,115,1,224.62,473.96
16114,81,1,135.75000000000003,0.0
12520,52,5,1994.1,588.41
13216,178,1,333.74,0.0
12695,17,2,333.90000000000003,248.2
13564,54,5,647.74,0.0
17120,143,1,307.46,0.0
17431,223,1,403.3,0.0
14761,245,1,97.5,158.4
16444,5,4,525.5,113.27
16929,38,2,428.88,866.51
17060,176,1,234.24,0.0
14813,280,2,155.43,0.0
17700,5,5,1656.08,852.8100000000001
13772,7,2,686.22,445.91
12651,245,1,114.0,0.0
14821,277,1,48.8,0.0
13951,86,3,674.45,0.0
15809,94,4,399.21,-1.7763568394002505e-15
15119,156,1,266.4,0.0
12527,205,2,284.92,63.790000000000006
13426,93,5,1558.68,1992.02
15537,73,1,110.92,0.0
12350,220,1,334.4,0.0
12457,39,6,832.6,1085.18
15321,202,1,1159.47,1491.26
13110,47,6,1006.44,446.43
12353,114,1,89.0,0.0
14456,41,3,636.65,2410.98
13899,185,1,298.5,90.02
12704,16,3,1100.92,1119.92
14150,270,1,306.18,352.46000000000004
12724,83,2,280.36,751.0500000000001
16832,94,3,199.15,0.0
14309,4,8,1600.85,718.83
17320,10,3,1200.62,0.0
16754,282,1,2002.4,0.0
14935,207,1,1784.71,0.0
15079,123,5,893.66,0.0
17867,54,5,944.73,-321.98
18241,9,12,1334.58,723.51
16927,26,3,543.05,0.0
17386,9,5,1697.34,989.08
15750,81,5,1095.58,1355.65
16968,18,1,253.31,186.12
16422,10,62,28242.59,5563.1
15724,111,3,212.3,0.0
15334,67,3,351.67,0.0
14542,96,1,103.25,0.0
14965,6,2,599.0,0.0
16625,185,1,333.08,0.0
13382,191,1,222.99,0.0
16902,26,1,1706.88,0.0
14871,88,3,354.75,167.63
12517,36,2,1538.7,926.19
16258,37,4,3741.06,1462.45
16808,9,2,288.42,0.0
14327,73,1,311.65,0.0
17189,16,2,384.4,0.0
12709,5,18,6836.32,2457.78
12444,32,2,2627.27,2378.19
17707,95,2,152.4,0.0
15899,279,1,56.25,0.0
16122,23,3,550.26,134.16000000000005
13223,110,2,163.20000000000002,0.0
12545,170,1,628.15,372.24
16022,170,1,628.28,0.0
14466,26,5,1580.45,691.95
17243,3,20,4405.86,4222.69
15727,17,6,4609.29,569.67
16926,281,1,230.25,0.0
15906,55,5,751.8100000000001,769.98
13136,44,6,1188.43,1356.95
15157,33,4,1438.8,430.7000000000001
17658,121,1,317.59999999999997,168.28
16809,46,4,468.74,444.0
17071,44,8,1383.72,1001.76
15364,6,2,913.19,0.0
16511,55,2,582.7,367.56
13898,236,1,155.93,0.0
15143,136,1,259.45,0.0
14082,275,1,182.25,0.0
14090,235,1,76.32000000000001,0.0
13835,65,2,537.34,297.23
14597,102,1,165.1,718.05
16727,274,1,272.82,0.0
12935,20,5,1531.09,625.36
16010,156,3,407.5,0.0
12384,32,1,292.69,273.47
13120,149,1,30.6,0.0
13207,61,1,197.52000000000004,52.739999999999995
13568,83,1,192.85,0.0
12428,19,11,7468.860000000001,408.34
13411,17,1,213.55,0.0
12830,1,6,6348.08,400.3200000000001
17522,49,4,912.25,158.45999999999998
14501,94,2,251.21,-60.89999999999999
17580,163,3,215.72,0.0
13385,240,1,534.57,0.0
15863,103,1,9.2,59.64
14505,19,8,4210.2,1608.5
14128,166,1,305.54,331.96
12877,35,9,1059.23,476.54
12417,17,9,2766.17,812.63
12513,23,1,612.29,-25.5
16484,84,3,379.4,0.0
14177,6,3,309.41,245.05
16278,4,2,550.58,-12.75
16235,97,4,656.39,202.02
14286,153,1,2050.08,2545.73
17256,17,2,240.0,0.0
16303,10,3,3981.53,1324.3
15316,237,1,165.0,0.0
14215,97,5,1086.47,691.45
15712,20,3,766.3100000000001,306.05
17771,233,1,115.8,130.01
13200,36,1,319.32,550.77
16270,263,1,1141.24,0.0
14754,206,1,228.27,409.78
17521,109,1,159.56,562.4
13338,64,3,431.82,0.0
14867,96,4,701.33,0.0
16967,99,1,319.02,0.0
12434,160,3,245.3,519.89
17786,227,1,114.85,163.89
13481,18,6,1348.58,428.23
12489,246,1,334.93,0.0
13474,146,1,229.59,0.0
15574,88,4,702.25,0.0
12790,102,1,324.92,0.0
15256,59,1,98.45,0.0
12928,58,3,1136.14,926.56
13869,33,4,3104.95,0.0
15658,100,8,958.9,0.0
15756,63,3,364.84,168.12
16899,60,3,510.18,771.38
13631,10,12,3021.77,0.0
16063,170,1,335.32,0.0
17552,282,2,298.52,611.4399999999999
12410,211,3,681.0799999999999,0.0
16093,17,1,17.0,0.0
12670,9,3,1634.47,1351.68
14841,89,4,2375.57,920.19
15953,122,5,807.24,827.29
12449,2,3,2724.58,1342.71
15547,20,8,2770.71,2184.13
17033,124,2,608.1,422.04
16185,143,1,335.0,194.41
12565,192,2,131.17,0.0
13695,8,12,1767.07,737.0600000000001
16103,68,4,1156.4,273.24
16013,9,41,19660.89,13705.36
13629,9,8,5718.36,2074.0
13229,136,1,160.95,0.0
14071,152,3,225.4,1082.01
16843,4,14,8796.49,1387.33
12731,54,9,11238.25,7555.16
14591,123,1,250.22,1196.92
15804,4,7,2299.84,1548.71
13078,10,27,6772.57,5659.71
16642,116,2,299.23,380.6
14640,38,5,1484.41,557.74
16041,51,2,2739.8,426.6
14587,94,9,1470.63,127.61
18118,2,24,4183.64,1412.13
16050,84,1,137.9,0.0
13058,62,1,47.55,223.85
16007,91,2,733.45,968.49
13292,194,1,249.57,329.37
17050,6,6,3228.84,0.0
17770,109,5,1143.27,0.0
16584,157,2,583.89,324.14
15497,223,2,968.1,291.6
13634,16,3,783.77,791.39
12981,43,1,187.18,185.04
12714,17,4,3389.7,1319.16
17517,219,1,153.94,0.0
15743,24,2,434.05,350.41
12759,82,2,1082.52,448.92
13649,167,2,346.6,0.0
16080,173,2,89.7,86.9
13062,101,1,346.98,0.0
13484,151,1,313.8,0.0
12732,90,1,236.26,0.0
16136,188,1,159.3,550.08
15034,143,6,2655.58,1622.08
16037,180,3,855.02,0.0
15917,158,1,123.1,0.0
17542,180,1,170.75,0.0
17429,31,4,512.12,0.0
18062,83,3,720.52,0.0
13080,89,1,58.08,0.0
14829,94,5,478.73,165.92
13551,229,1,91.8,0.0
17062,224,5,534.47,0.0
17624,128,1,400.3,443.18
15854,50,9,2393.69,580.96
15601,33,13,5578.26,1167.1
17277,138,2,1065.35,0.0
14326,145,2,166.85,0.0
12471,3,34,10317.6,8423.32
17110,75,1,163.29999999999998,0.0
14817,110,2,1110.34,0.0
15584,72,1,154.65,567.96
15182,64,2,622.85,0.0
15775,155,1,104.9,0.0
13122,4,2,922.39,0.0
13189,25,1,127.0,133.68
13005,84,3,468.95,0.0
12974,108,1,144.8,0.0
17128,245,1,157.09,0.0
16054,55,1,783.9,0.0
15123,116,1,1069.47,1129.84
17997,2,7,1381.01,130.29000000000002
13501,153,2,1310.47,0.0
14448,274,1,102.35,273.0
12436,10,1,509.01,0.0
13784,5,9,2124.15,338.64
17788,40,1,16.7,1101.2
17230,174,11,3466.67,0.0
14479,164,2,316.25,0.0
12694,93,1,439.5,430.17
16124,226,2,187.15,0.0
12949,24,9,3425.2200000000003,717.8
15448,223,1,494.64,0.0
17367,148,1,168.4,0.0
18024,63,3,236.77999999999997,0.0
17504,116,10,2745.2799999999997,0.0
17672,187,2,1152.34,1954.28
12358,61,1,484.86,683.2
16670,16,11,3185.32,837.14
15671,5,8,1951.25,684.24
15472,23,1,371.56,0.0
13533,93,3,270.79,0.0
12739,9,1,975.54,37.5
15104,77,3,1002.54,0.0
12982,150,2,377.2,0.0
15045,62,3,633.66,0.0
13911,54,8,2437.63,143.28
16690,112,1,86.5,122.13
15832,164,1,836.79,0.0
17069,61,8,1458.65,1196.57
14421,122,1,455.18,357.93
16755,24,5,1484.63,0.0
15674,124,7,677.0799999999999,1066.94
13589,90,1,147.0,232.65
12408,9,7,2103.07,739.5
13812,15,1,278.74,260.26
13226,183,1,108.21,0.0
17309,5,1,82.75,0.0
14659,56,9,1568.15,888.38
14287,93,3,57.88,93.35
14092,10,12,2735.77,1327.33
12948,11,5,1412.71,640.99
13475,101,4,1431.78,0.0
12922,71,1,405.38,0.0
13989,149,1,896.6700000000001,369.41
14631,145,2,630.08,376.9
14101,53,5,4944.389999999999,1032.4
13116,27,2,485.19,0.0
17571,56,3,561.2,937.31
14700,100,2,1557.6,677.6999999999999
17550,107,3,267.16,0.0
14985,108,2,296.75,0.0
14470,198,1,297.64,163.55
15942,44,1,337.44,0.0
15002,26,4,1641.76,0.0
17764,121,1,261.97,556.85
14461,58,3,2103.06,0.0
15227,126,3,876.8199999999999,342.58
14463,8,3,529.62,0.0
17863,55,4,1785.28,1374.72
12464,16,6,780.55,431.5
14332,58,1,119.04,747.27
13723,127,1,199.85,0.0
15505,24,3,2091.14,1406.0
16163,135,3,441.6,0.0
17058,109,2,819.66,360.23
17567,3,7,2915.55,1097.01
15970,214,1,314.1,0.0
12560,11,3,1403.69,697.7
14277,122,1,1637.43,2319.57
13931,6,2,1237.53,-6.6
13922,262,1,172.25,0.0
13740,151,1,350.75,0.0
14948,8,4,639.23,427.34
14408,5,6,2298.31,308.22
13166,192,2,414.7,0.0
18223,7,20,3934.93,2380.3
16477,42,6,1999.26,495.2
15759,128,3,253.04,0.0
16557,47,1,101.15,180.7
15695,177,2,409.98,0.0
14682,98,2,52.0,0.0
13859,236,1,201.16,0.0
13745,61,2,291.54,0.0
18136,117,3,578.35,183.48
16714,129,4,911.53,0.0
15208,73,2,323.52,544.1
17443,130,1,534.24,0.0
17492,158,1,374.57,0.0
17314,59,7,1496.47,1018.29
13448,123,7,1379.31,2086.36
12619,26,6,1697.78,1517.03
12406,33,2,1486.7,1794.05
18004,272,1,169.47,0.0
13546,111,1,188.16,438.83
12483,9,9,1567.06,760.07
18200,16,1,163.8,0.0
14395,88,7,1956.27,1515.64
17372,76,6,1061.13,281.55
17462,194,1,463.41,199.53
15453,2,4,712.8,675.5699999999999
14299,9,11,1349.64,1505.71
14576,282,1,35.400000000000006,0.0
12685,3,2,1606.42,1256.66
13174,226,2,2108.27,708.76
15204,267,1,316.58,0.0
13158,5,4,1201.06,0.0
17235,282,1,341.9,208.16
15510,241,1,250.0,0.0
14689,119,1,112.8,0.0
14920,123,2,977.77,0.0
16463,107,2,314.42,1069.28
17732,283,1,303.97,0.0
15907,87,2,529.52,437.93
14964,157,1,206.21,0.0
14411,221,1,1063.0,0.0
16989,8,2,890.7,242.55
14732,16,6,1608.4,1077.94
16159,192,1,348.2,0.0
17331,34,1,175.2,0.0
15198,2,2,193.64,0.0
14379,205,1,110.98,237.12
14970,47,3,1119.75,472.31
16738,208,1,3.75,0.0
13962,156,1,117.6,51.95
16906,97,3,394.94,184.83
13614,74,2,794.98,815.48
17040,48,1,449.73,0.0
12712,17,14,3783.58,458.05
13576,7,15,4826.900000000001,1876.4
18269,268,2,138.9,0.0
14301,18,2,632.04,0.0
17442,4,8,1888.34,321.92
16581,65,2,70.44,0.0
14401,6,10,3079.38,960.6
14154,149,2,1345.62,0.0
14149,123,3,259.43,0.0
16871,108,5,1986.97,774.52
14323,25,4,574.26,0.0
14870,172,1,327.25,0.0
17228,118,4,687.58,1218.51
13838,28,3,479.59,212.14
12576,6,5,927.7,379.28
18177,68,6,1010.57,303.6
13781,161,1,127.84,0.0
17171,199,1,224.91,0.0
13552,34,12,2591.62,947.91
17967,282,1,123.07,0.0
16678,9,9,2134.8,879.03
12755,160,4,2203.2,0.0
12458,195,1,441.92,505.48
16659,99,1,39.12,0.0
12993,31,3,372.4,42.36000000000001
17388,42,3,953.03,306.53000000000003
16173,1,3,623.3,783.27
17889,122,2,203.87,0.0
12994,18,4,573.27,328.95
14651,121,1,416.32,238.28
17287,53,5,702.41,361.7
15605,162,3,690.1800000000001,508.05
13319,2,26,7268.55,3395.79
15976,75,2,430.94,0.0
14530,3,5,2546.12,379.79
15443,19,2,684.8,2527.36
13817,262,1,128.7,254.28
18119,278,1,181.12,0.0
16356,108,4,210.32,0.0
14984,91,1,110.18,103.09
12402,233,1,225.6,0.0
17045,23,3,339.44,0.0
17348,208,1,160.15,999.37
16038,87,3,375.88,78.45
17406,240,5,1928.72,0.0
14004,8,5,3203.26,1379.38
15031,20,2,261.79,406.35
14243,1,12,2253.06,282.82
17176,112,1,306.13,0.0
16202,271,1,365.27,0.0
16681,55,4,1332.68,437.66
15582,10,2,541.51,141.4
13486,38,2,819.61,302.8
17226,219,1,393.49,0.0
13571,3,7,1083.83,1008.49
13018,3,19,5070.76,2201.99
14915,1,2,307.48,-48.65
15146,75,3,1313.66,0.0
13742,72,12,2620.12,482.3
13369,264,2,263.75,0.0
12523,18,7,1017.75,727.82
13029,49,2,773.1999999999999,474.2999999999999
15114,3,7,1678.97,1081.59
16938,90,4,1577.5,325.63
18171,9,6,971.51,237.0
12481,90,9,4096.3,1494.56
17540,226,1,268.8,301.6
15918,101,2,334.23,0.0
13618,84,1,177.34,0.0
16750,31,3,416.12,207.81
15120,40,2,343.82,0.0
12360,23,2,1618.28,1043.78
12794,9,1,317.0,543.41
14155,176,1,118.75,0.0
14367,48,12,5364.7,3803.12
14772,22,1,139.26,0.0
17894,6,7,996.75,123.06
17892,65,1,142.1,102.0
17088,93,2,1399.11,591.9
17711,200,1,220.53000000000003,164.57
15027,78,5,952.77,99.18
16550,19,9,2266.25,0.0
17085,33,6,1555.05,0.0
17499,200,1,622.88,0.0
15213,229,3,325.05,0.0
13782,35,3,487.93,424.07
16144,157,1,175.2,0.0
13862,18,8,1759.25,428.06
16320,82,2,1038.46,0.0
15374,39,1,168.0,0.0
12876,106,1,726.43,1491.59
17284,31,6,1483.24,158.44
13186,4,4,1265.74,273.95
14623,26,3,608.71,260.64
14064,23,5,942.16,246.16
17236,89,5,697.73,218.4
17908,284,1,243.28,0.0
17898,117,1,99.84,52.22
17227,83,3,473.75,465.5700000000001
17438,157,2,378.3,0.0
15373,26,10,1484.1,729.01
16781,275,2,294.65,0.0
15380,51,2,582.5600000000001,1099.8000000000002
15897,104,2,222.05,0.0
12921,8,35,9935.32,6454.42
17984,55,1,152.68,0.0
14552,62,1,165.07,0.0
15125,23,18,10634.45,482.6
13242,22,3,270.40000000000003,0.0
16466,13,5,1002.18,601.28
16638,9,10,1546.69,129.78
16712,5,8,2499.86,1145.57
16244,122,2,1522.75,0.0
14426,51,10,2360.59,1558.31
17664,122,1,326.19,278.45
13971,16,8,1938.16,764.0600000000001
15363,151,2,318.05,0.0
16036,173,1,188.73,570.19
14053,34,2,260.25,0.0
14201,59,7,461.84,226.2
17655,27,6,1836.13,735.61
17096,47,3,419.09,573.59
14037,86,2,147.20000000000002,0.0
15203,16,4,1328.32,499.48
12590,100,3,9861.38,0.0
17865,2,18,6704.91,3453.63
17409,95,2,771.85,0.0
17278,151,1,246.04,0.0
13296,47,1,87.4,0.0
14834,30,3,414.85,1283.5
13524,12,3,408.86,271.32
14406,29,1,156.75,0.0
13863,155,2,299.56,0.0
13139,20,3,1710.94,3344.85
13261,179,2,944.1,0.0
14280,107,1,134.04,0.0
14240,136,1,226.85,663.49
17306,10,17,6669.4800000000005,1931.25
13183,11,6,2394.98,1562.8000000000002
13402,37,2,621.23,0.0
17999,276,1,190.34,191.72
15178,170,1,40.5,0.0
14059,177,1,183.6,0.0
15652,1,1,337.74,0.0
14292,56,7,2552.31,2267.02
17282,40,3,1703.41,0.0
17900,75,4,15.0,0.0
12526,4,1,520.3,796.36
13590,51,5,1110.58,865.54
15723,275,1,203.1,0.0
14180,1,28,4151.17,489.6
15421,125,3,739.36,211.0
13748,6,5,948.25,0.0
12530,19,4,1183.0,440.63
13453,76,2,356.97999999999996,0.0
17750,9,5,1271.46,526.11
17685,177,5,1512.72,1678.81
18155,75,3,242.76,105.06
13405,114,2,557.45,15.001
12944,265,1,286.95,317.56
12763,48,2,494.08,0.0
17034,198,1,141.79999999999998,592.77
17346,13,8,1266.21,1345.37
17418,234,1,167.39,296.07
12415,9,18,101335.53,22389.92
17857,9,15,14182.02,12581.32
14031,36,16,8390.81,6243.83
13824,46,4,1429.84,269.1
13654,55,4,1714.27,993.06
14414,2,8,1485.13,0.0
14248,228,1,302.58,0.0
12352,172,8,601.1800000000001,944.23
15065,75,5,2836.6,299.38
16327,109,4,2469.64,1374.58
18036,15,2,254.54,151.07999999999998
16658,278,1,123.24,0.0
14175,25,5,1127.89,1980.17
13758,111,5,2351.52,839.03
13493,185,2,618.63,0.0
15251,1,10,9630.92,696.19
16401,8,14,2424.19,1637.05
16872,15,2,464.68000000000006,215.34000000000003
16419,23,7,959.48,0.0
16131,26,4,2278.5,1228.04
14290,226,2,770.36,1537.09
13284,233,2,196.15,0.0
12422,6,3,803.5600000000001,0.0
13786,277,1,230.4,0.0
15737,58,8,825.33,295.88
17158,143,2,698.55,568.42
15447,241,1,155.17,0.0
13752,34,6,1186.28,0.0
14236,282,1,189.3,301.56
14321,27,3,900.65,630.1
16709,110,4,1984.59,1045.28
15608,31,1,285.68,808.0
13994,16,2,419.56,1893.58
17031,65,1,225.95,154.4
13000,17,3,534.85,0.0
16768,14,3,274.74,183.3
16431,123,3,642.81,0.0
12373,221,1,364.6,0.0
13496,268,2,465.61,152.32
12401,213,1,84.3,0.0
17490,82,2,286.45,1640.4299999999998
17948,57,1,358.56000000000006,0.0
17356,222,1,178.22,0.0
13203,31,2,309.86,559.6
16598,187,2,140.7,0.0
13900,93,3,740.95,0.0
15483,71,4,233.81,0.0
15579,224,1,199.6,149.0
13224,61,1,1212.26,938.59
17220,9,10,2294.98,903.27
15236,209,1,321.05,0.0
18151,45,2,653.35,0.0
12727,5,8,3304.7,643.0
13669,60,1,48.150000000000006,170.39999999999998
14720,37,1,155.8,508.01
16734,24,2,306.15999999999997,344.35
12591,227,1,452.85,0.0
17594,165,1,315.0,678.18
15212,149,2,88.94999999999999,0.0
17398,25,3,653.38,0.0
13388,31,3,627.15,0.0
17076,184,2,334.2,506.88
18043,117,2,451.81,107.7
14621,37,4,980.31,785.45
13276,10,1,137.38,453.55
18156,280,1,206.23,528.71
15329,44,3,736.3,269.2
15436,144,1,489.05,633.48
15885,3,3,379.35,0.0
12548,76,1,95.2,0.0
18239,129,5,1561.61,0.0
15786,10,2,3093.64,1740.56
17535,190,1,164.4,0.0
14009,108,3,685.9300000000001,0.0
18235,30,2,749.8,1046.68
12647,36,10,2833.81,836.11
14276,9,4,1043.44,-24.05
14032,79,11,1805.47,1124.37
13516,149,1,146.0,1243.41
13341,171,1,775.85,0.0
12627,6,5,2727.83,1750.7
12829,232,3,253.05,0.0
16746,11,13,4417.73,2276.58
17858,26,9,3656.25,1499.41
14147,196,1,182.8,285.6
17929,23,3,707.0,127.5
18048,113,2,172.29000000000002,0.0
16777,167,1,177.25,49.1
14159,6,9,2748.88,1929.42
16716,177,3,319.8000000000001,0.0
16142,160,1,535.34,0.0
14451,105,1,360.0,302.59
12365,201,3,320.69,0.0
18245,59,7,1613.31,894.25
13236,17,1,439.23,288.04
13456,65,4,826.1600000000001,911.66
17703,19,2,490.96,307.78
17759,79,2,167.15,667.84
14891,58,2,554.38,0.0
13973,197,1,264.7,0.0
17440,58,5,177.1,0.0
16364,47,1,347.55,359.49
13699,65,1,308.58000000000004,0.0
12697,24,3,724.01,215.01
15903,138,3,641.22,4485.12
15402,59,2,626.77,0.0
16647,80,2,214.06,0.0
18219,59,8,1367.13,652.64
15921,83,1,336.03000000000003,0.0
15221,276,2,114.1,0.0
17194,184,2,262.62,0.0
14116,3,2,628.87,753.87
13115,65,8,845.2,1360.43
13963,218,4,664.54,0.0
18237,2,3,725.55,261.55
17082,228,1,636.94,1366.91
13414,44,3,1390.5,0.0
17861,46,6,1259.97,799.23
14413,272,1,122.7,0.0
14305,24,4,993.25,810.51
14731,116,2,251.02,129.0
17718,142,1,139.35,0.0
14936,19,3,5072.88,3044.54
18138,205,1,152.65,0.0
14535,37,2,1653.91,1187.18
18016,96,3,488.76,994.8
17303,271,1,250.04,0.0
15076,83,1,880.85,0.0
12598,72,5,1563.98,1438.7
15235,128,12,2247.51,0.0
13969,17,11,3911.35,5075.34
17345,3,3,284.13,253.61
18125,112,4,943.49,197.85
13826,68,2,174.65,0.0
15632,32,7,2335.94,811.37
17512,31,9,1886.95,1033.09
15569,14,5,1375.71,0.0
16135,173,1,517.55,0.0
12501,225,2,2089.68,0.0
17941,41,1,304.56,0.0
16766,183,2,1145.6,0.0
12736,243,1,234.0,0.0
12507,44,4,1258.06,0.0
14779,191,3,386.15,0.0
15145,137,2,724.03,470.7
13305,3,8,1471.25,529.61
13391,114,1,59.8,0.0
15224,268,3,310.48,0.0
15955,17,9,2453.7000000000003,1936.11
16134,264,2,269.13,334.56
13004,24,15,3748.49,1864.94
14298,9,37,41182.51,9679.93
16226,113,3,255.12,0.0
17337,61,7,1944.32,0.0
15206,10,3,236.7,183.6
15864,9,4,943.96,825.82
17682,25,6,1884.35,574.98
17970,121,1,582.59,0.0
17749,88,2,674.52,0.0
13089,10,90,41916.99,15468.89
16315,241,1,226.37,0.0
14584,79,5,1029.26,0.0
17470,37,4,816.47,308.6
15855,47,5,712.24,0.0
13831,49,4,1455.39,747.5999999999999
18133,121,2,715.4999999999999,0.0
13384,31,4,1726.19,2396.09
16474,9,2,328.57,1482.9
17968,284,1,277.35,0.0
15382,89,6,2099.27,3828.59
12753,19,9,16332.46,4691.55
15124,102,1,90.75,93.44
14769,18,7,6477.79,4163.81
16133,2,34,10466.28,3839.38
15713,53,3,346.75,0.0
16711,50,3,909.87,741.16
15407,94,3,740.73,315.71
13417,115,1,236.0,404.83
18261,6,1,224.8,99.44
16462,96,2,68.0,34.0
16834,138,1,413.46,0.0
17949,3,38,42995.82,9755.02
15696,123,9,1550.85,1093.61
17536,87,1,76.5,0.0
13140,18,3,423.72,0.0
15488,3,1,91.32,0.0
15288,66,4,2006.36,300.15999999999997
17412,106,4,709.82,548.24
12580,157,1,415.7,0.0
14958,57,3,499.68,0.0
15746,44,2,182.96,0.0
14657,65,4,628.99,209.28
16587,142,1,225.15,0.0
18165,87,1,302.46000000000004,0.0
17582,146,1,175.27,0.0
17229,6,2,318.76,0.0
13458,1,17,7602.97,1934.95
15394,114,2,1436.44,747.1
16696,45,4,657.9000000000001,0.0
12642,18,1,366.45,646.81
14289,45,5,832.78,78.48
13344,188,1,1656.15,887.57
16121,126,1,287.89,579.22
17204,79,9,1352.91,0.0
15651,171,1,227.32,418.98
17631,47,2,416.5,111.83
12656,26,5,2760.72,1222.0
16357,72,2,257.95,400.93
12816,6,2,572.2,0.0
13643,9,2,259.40000000000003,260.04
13001,68,13,8594.52,1203.4
12539,172,4,2801.84,1050.66
12668,159,4,2889.67,853.51
13754,62,2,282.59999999999997,0.0
16298,97,1,114.3,483.9
14770,142,2,876.42,0.0
15281,47,11,2099.58,140.37
15223,136,3,454.9,0.0
18147,19,1,98.88,80.46
15238,5,4,757.3299999999999,299.21000000000004
18121,59,2,673.1,0.0
14297,185,1,232.6,1051.46
15171,235,2,1034.5,0.0
16555,20,1,151.98,133.91
15332,276,4,1661.06,0.0
13787,274,1,106.4,202.64
15057,185,2,1489.5,0.0
16247,80,1,114.56,0.0
13418,9,18,4492.43,1353.01
12347,40,5,2790.86,1519.14
16066,34,1,316.38,1205.49
13515,27,3,523.96,367.16
18167,1,2,485.33,870.1800000000001
17579,31,3,262.16,178.04
15128,37,7,1118.78,300.76
17886,121,2,396.26,503.35
14523,18,1,241.09,0.0
17991,135,2,93.35,0.0
16656,6,15,7071.37,1496.87
14921,111,1,903.01,413.06
15506,49,1,209.35,769.91
14271,136,1,112.32,0.0
18094,46,5,2402.3,615.0
15121,199,1,295.15,162.57
15768,26,4,581.8299999999999,0.0
13468,3,31,4720.65,936.1
13495,142,4,1017.68,972.44
14472,14,8,1936.84,0.0
12849,179,1,704.5,346.39
13435,20,3,1088.12,2706.37
14762,174,1,300.52,0.0
14851,166,1,206.13,305.22
13534,10,37,4155.55,1457.53
14507,11,5,909.69,458.49
15351,280,2,261.28,1600.86
13995,26,4,861.7,521.79
16979,58,3,545.6999999999999,1263.35
16987,80,3,629.45,995.6
14543,19,16,2707.99,208.18
14705,109,1,179.0,0.0
14719,89,2,488.12,1104.06
16200,74,1,550.57,530.05
14878,84,6,1083.02,402.52
15835,48,3,675.51,278.58
14944,5,8,3124.59,2718.36
15174,233,1,135.75,0.0
14632,173,1,114.56,0.0
18143,27,2,1000.16,0.0
18179,162,4,1103.16,690.01
15136,6,1,582.9,699.5500000000001
14130,229,1,483.86,0.0
13694,10,46,43807.0,18846.1
17017,68,20,5326.349999999999,3247.76
17677,10,31,11581.84,4637.38
15068,166,1,239.96,313.4
16841,18,6,1465.86,308.76
17070,24,1,312.14,0.0
16889,105,3,1578.67,0.0
15440,46,2,237.66,146.02
17849,128,4,605.8000000000001,0.0
15260,10,8,1780.77,0.0
14348,170,1,409.57,0.0
16791,32,5,800.27,906.01
14146,165,3,662.3,2287.27
13227,112,1,257.7,0.0
15201,32,8,890.94,36.900000000000006
17193,82,3,440.2600000000001,1234.2
18077,14,7,1670.94,962.07
16726,106,4,795.19,586.83
15326,244,1,311.71,0.0
15640,32,13,8837.02,3596.32
12493,76,3,416.79,0.0
14075,171,1,307.92,634.34
13266,16,13,2461.09,1256.58
17183,15,1,329.67,2957.24
13805,39,1,500.24,424.36
14857,39,2,515.05,650.6
17460,4,7,612.48,-159.85000000000002
15561,7,4,371.82,350.92
14107,6,7,2447.19,241.29
12673,237,1,220.9,389.62
12989,68,10,4462.84,2391.67
17289,90,1,167.36,768.8
13814,2,2,1579.12,-17.0
12997,144,4,583.27,614.67
17234,93,1,149.89,0.0
18061,18,8,1793.51,325.9
14085,51,13,3235.44,1200.35
17004,3,1,1006.4,406.54
14859,110,2,295.16,1056.88
16950,34,2,778.41,400.15
13975,38,5,1474.66,1028.57
15030,178,1,152.76,365.52
17157,82,2,149.01,157.54000000000002
15587,53,2,456.84,456.84
17073,19,1,453.79,992.3
16042,18,4,410.38,736.99
13709,10,7,2879.87,3369.24
15314,109,1,327.97,0.0
16596,276,1,120.65,129.5
13162,32,5,1644.99,0.0
17768,76,1,411.33,1861.85
17742,23,2,355.11,0.0
17537,213,1,630.7,266.92
13662,93,6,514.26,364.82
15525,283,1,313.93,497.09
12665,235,2,61.75,0.0
16107,13,3,1494.12,1710.04
17734,47,2,540.21,160.42
15925,104,1,207.15,0.0
17690,12,11,3526.68,1221.77
16265,21,9,4038.17,1384.98
15396,23,1,288.18,0.0
12962,23,1,170.54000000000002,95.85
16374,172,1,156.3,316.73
13030,278,1,427.74,371.74
15226,221,1,154.41,0.0
12988,202,1,535.32,0.0
16915,37,4,382.39,239.29
14930,19,3,2372.86,0.0
14312,1,5,1047.19,564.4
17795,90,2,350.39,0.0
14875,18,4,1452.47,-3.75
17019,172,3,995.93,276.68
15819,41,3,1585.47,319.98
14655,132,1,810.56,1119.59
16780,10,2,425.19,0.0
12438,50,1,890.0699999999999,2016.78
15880,279,2,313.28000000000003,0.0
14342,47,4,358.89,248.82
17757,24,21,3300.65,2284.84
13147,10,1,118.8,594.0
12963,209,2,350.2,1490.83
16191,173,15,2551.08,2362.24
13636,32,5,639.05,302.57
16242,75,4,841.64,2756.62
13684,196,2,64.23,0.0
14173,129,1,114.04,336.8
13827,44,2,300.76,111.29
12878,146,2,854.99,-13.35
17140,157,1,465.32,0.0
16387,233,1,94.36,0.0
14066,177,1,152.55,0.0
14500,22,2,335.85,21.0
13093,177,13,7741.47,0.0
13725,79,9,1828.1,-18.289999999999992
16340,17,1,549.07,0.0
14036,195,1,626.65,0.0
15734,25,2,1339.45,0.0
12599,37,6,857.04,175.54000000000002
15042,109,1,135.93,0.0
17162,41,10,1455.41,251.8
16586,159,1,463.95,0.0
13523,87,4,2159.74,1595.64
14886,163,1,364.8,0.0
14258,58,8,9366.42,3283.66
16863,271,2,162.8,318.55
14076,39,1,122.47,0.0
17698,171,1,154.95,0.0
15049,184,1,121.17000000000002,0.0
15690,11,1,111.0,128.76
17838,202,3,1687.7,625.0
16224,51,3,865.88,429.42
12399,29,4,1108.65,0.0
13656,75,2,379.65,0.0
16765,204,1,34.0,0.0
14850,222,2,278.15,0.0
17584,37,1,749.45,477.85
14691,7,2,1274.68,839.65
16033,18,23,5789.51,2938.1
14647,111,1,243.22,0.0
17472,101,3,710.29,0.0
16861,68,2,48.69000000000001,102.96
17251,273,1,283.28000000000003,0.0
15840,81,2,231.84,113.82
12722,25,5,836.35,67.98
15874,88,7,2181.15,2149.52
16424,101,2,82.56,0.0
13329,264,3,255.59999999999997,484.7999999999999
16558,2,18,4603.72,3653.32
14532,146,4,932.85,0.0
16152,179,1,1829.04,0.0
17374,129,2,495.77,0.0
15894,163,2,263.55,0.0
13427,30,2,464.86,117.74
17917,166,2,230.46,110.82
14937,24,2,755.31,862.3199999999999
17362,149,2,312.23,0.0
14489,117,1,463.38,0.0
15596,11,9,1343.34,0.0
13265,94,3,1465.66,642.0
18222,3,1,443.0,0.0
17080,178,2,74.2,211.3
17588,10,3,1240.2,0.0
12645,10,4,1291.06,464.32
15412,81,1,190.53,0.0
14001,81,3,1296.39,733.94
17102,172,1,25.5,0.0
15852,97,2,160.71,0.0
16767,4,7,4825.5,755.1
14185,241,1,197.65,0.0
13121,179,2,254.73,0.0
17404,33,12,19636.3,10664.52
13606,153,2,250.42,30.119999999999997
16309,2,3,686.67,0.0
12377,225,2,1628.12,0.0
13099,9,1,207.36,0.0
14350,181,2,258.7,0.0
16351,243,1,153.9,0.0
13967,56,1,80.7,0.0
14409,33,6,1792.5300000000002,115.72
16556,16,6,2556.37,757.42
17312,49,3,644.3,0.0
14913,93,3,917.15,310.28000000000003
16471,185,1,223.95,0.0
13647,85,2,803.86,866.36
18232,68,4,490.12,92.35
15211,275,1,383.07,511.34
12556,61,1,312.9,290.81
17426,1,4,4280.59,741.6700000000001
17866,53,2,325.7,0.0
16027,2,7,852.12,0.0
14854,43,7,2291.69,458.2
14446,157,1,303.04,736.54
13109,45,2,364.9,401.94
16085,147,2,325.04,656.47
15130,80,1,330.11,0.0
17723,37,6,3276.4000000000005,0.0
14208,5,1,151.74,0.0
14259,52,1,120.0,0.0
14527,9,63,4787.36,2924.02
13802,48,6,3906.27,0.0
17870,2,7,749.97,1139.43
